user_id,session_id,age,device,pages_visited,session_duration,clicks,previous_visits,current_page,risk_score,dropped_off
1,S00001,56,Desktop,7,126,8,4,Purchase,0.05,0
2,S00002,38,Desktop,2,41,29,8,Sign Up,0.1422548034868772,0
3,S00003,59,Mobile,4,802,15,2,Product,0.09806088877305408,0
4,S00004,35,Tablet,4,33,18,9,Product,0.12664694856969255,0
5,S00005,24,Desktop,7,54,14,0,Checkout,0.15097732639963282,1
6,S00006,40,Mobile,6,315,21,1,Add to Cart,0.056459462495197676,0
7,S00007,18,Mobile,1,363,1,7,Home,0.32802996179967614,0
8,S00008,22,Tablet,2,60,28,6,Sign Up,0.20550240952929588,0
9,S00009,50,Mobile,7,593,24,4,Purchase,0.05,0
10,S00010,56,Mobile,7,34,26,9,Purchase,0.05,0
11,S00011,56,Mobile,3,560,4,6,Sign Up,0.20923216941616596,0
12,S00012,37,Desktop,3,659,26,6,Browse,0.05,0
13,S00013,44,Mobile,4,764,3,6,Product,0.05,0
14,S00014,49,Mobile,1,711,17,0,Home,0.29154074575408095,1
15,S00015,29,Mobile,2,406,17,4,Sign Up,0.1722878146039733,0
16,S00016,40,Mobile,1,404,19,1,Home,0.204791257556159,0
17,S00017,43,Tablet,7,855,23,7,Purchase,0.05,1
18,S00018,37,Mobile,4,422,26,2,Browse,0.05,0
19,S00019,57,Mobile,2,891,1,8,Home,0.1764313773895736,0
20,S00020,19,Tablet,6,671,5,4,Checkout,0.05,0
21,S00021,50,Desktop,3,644,8,3,Browse,0.16238664095931774,0
22,S00022,33,Tablet,4,180,4,0,Product,0.1456516086112609,0
23,S00023,20,Desktop,1,707,12,2,Home,0.10846438713935104,0
24,S00024,55,Mobile,6,795,27,1,Add to Cart,0.05,0
25,S00025,21,Mobile,1,531,17,4,Home,0.2115278709092693,0
26,S00026,46,Mobile,5,626,3,0,Browse,0.18162602413380255,0
27,S00027,35,Desktop,7,585,26,2,Purchase,0.05,0
28,S00028,56,Mobile,7,557,3,1,Purchase,0.10131276210945875,0
29,S00029,33,Mobile,3,490,15,1,Browse,0.16332910863683045,0
30,S00030,39,Desktop,6,324,20,9,Checkout,0.05,0
31,S00031,22,Mobile,6,896,20,2,Add to Cart,0.05,0
32,S00032,43,Mobile,5,849,23,8,Add to Cart,0.05,0
33,S00033,42,Desktop,5,291,29,6,Product,0.05,0
34,S00034,46,Mobile,5,66,17,3,Add to Cart,0.12841763457843502,0
35,S00035,47,Desktop,2,541,22,4,Sign Up,0.11899508889557411,0
36,S00036,21,Desktop,7,277,17,3,Purchase,0.058924822543332166,0
37,S00037,50,Desktop,3,575,29,1,Browse,0.1821669082915503,0
38,S00038,27,Mobile,2,134,9,6,Home,0.11160205102420241,0
39,S00039,28,Desktop,4,748,21,8,Product,0.08166562475140023,0
40,S00040,56,Desktop,7,209,5,0,Purchase,0.1558868341621179,0
41,S00041,30,Desktop,1,631,12,8,Home,0.10244675274721489,0
42,S00042,48,Tablet,3,525,15,4,Browse,0.19497188356504724,0
43,S00043,38,Desktop,7,163,25,6,Purchase,0.05,0
44,S00044,27,Desktop,1,272,6,6,Home,0.22348913266776058,0
45,S00045,57,Mobile,2,814,26,1,Home,0.05,0
46,S00046,24,Tablet,4,823,6,2,Product,0.05,0
47,S00047,56,Mobile,5,672,18,9,Add to Cart,0.05,0
48,S00048,42,Desktop,6,136,6,9,Checkout,0.08552574730380774,0
49,S00049,54,Mobile,3,551,25,1,Browse,0.05,0
50,S00050,28,Mobile,6,427,28,4,Checkout,0.0680163965800665,0
51,S00051,58,Mobile,3,521,17,8,Browse,0.05,0
52,S00052,23,Tablet,5,834,25,1,Product,0.05,0
53,S00053,18,Mobile,7,196,11,4,Add to Cart,0.05,0
54,S00054,22,Tablet,5,42,5,4,Add to Cart,0.11994994464245573,0
55,S00055,30,Mobile,1,507,2,7,Home,0.2188191226684722,0
56,S00056,20,Mobile,4,73,12,4,Product,0.12496741291484645,0
57,S00057,40,Desktop,5,597,11,2,Add to Cart,0.14131820130231726,1
58,S00058,51,Mobile,6,500,24,6,Checkout,0.08919621933963923,0
59,S00059,37,Mobile,2,793,21,1,Sign Up,0.05,0
60,S00060,40,Mobile,7,393,16,7,Purchase,0.05,0
61,S00061,36,Desktop,2,623,10,5,Home,0.1429875712036354,0
62,S00062,51,Mobile,2,832,27,8,Home,0.05,0
63,S00063,39,Mobile,6,126,16,0,Product,0.0890958642278685,0
64,S00064,40,Mobile,2,384,26,7,Home,0.05,0
65,S00065,40,Mobile,7,527,13,1,Checkout,0.05,0
66,S00066,42,Desktop,4,44,4,9,Browse,0.07605013231095875,0
67,S00067,51,Desktop,1,767,19,9,Home,0.05,0
68,S00068,51,Mobile,3,896,6,4,Sign Up,0.05,0
69,S00069,23,Mobile,4,369,11,7,Product,0.09628654606238714,0
70,S00070,19,Desktop,3,23,15,5,Browse,0.17253095124406903,0
71,S00071,19,Desktop,2,454,13,4,Sign Up,0.11583926747659865,0
72,S00072,29,Mobile,2,673,6,4,Sign Up,0.05,0
73,S00073,30,Mobile,1,709,24,9,Home,0.20841065254743568,1
74,S00074,57,Desktop,1,338,5,8,Home,0.3730193702147948,0
75,S00075,28,Mobile,6,438,17,4,Checkout,0.05,0
76,S00076,25,Desktop,5,289,28,2,Add to Cart,0.16306072760601611,0
77,S00077,59,Mobile,7,635,14,2,Checkout,0.05,0
78,S00078,56,Mobile,6,598,7,2,Checkout,0.059693543892180595,0
79,S00079,53,Tablet,1,116,29,4,Home,0.14785127738619036,0
80,S00080,19,Desktop,3,861,1,5,Sign Up,0.15187759052243732,0
81,S00081,41,Desktop,7,176,8,4,Purchase,0.10104788386013466,0
82,S00082,27,Mobile,6,731,23,9,Checkout,0.05,1
83,S00083,29,Mobile,4,152,24,4,Product,0.05,0
84,S00084,57,Desktop,3,426,1,4,Browse,0.35204624896993897,1
85,S00085,18,Desktop,7,390,8,4,Checkout,0.095642677361272,0
86,S00086,24,Mobile,2,366,17,2,Sign Up,0.1803105799311916,0
87,S00087,23,Mobile,1,196,29,5,Home,0.10680257205035884,0
88,S00088,34,Tablet,1,167,22,5,Home,0.14754121862472547,1
89,S00089,57,Mobile,1,755,13,6,Home,0.2497263701848557,0
90,S00090,47,Mobile,5,496,16,7,Add to Cart,0.05,0
91,S00091,47,Desktop,7,663,1,7,Purchase,0.05,1
92,S00092,20,Mobile,3,786,29,7,Browse,0.06382440759953273,0
93,S00093,50,Desktop,2,822,24,7,Sign Up,0.05,0
94,S00094,35,Mobile,7,692,23,4,Purchase,0.05,0
95,S00095,59,Desktop,3,490,23,3,Browse,0.05,0
96,S00096,39,Desktop,1,733,24,6,Home,0.22576650946320312,0
97,S00097,34,Mobile,1,545,9,7,Home,0.11470579398691834,0
98,S00098,39,Desktop,4,685,26,1,Product,0.171911441877382,1
99,S00099,53,Mobile,2,36,5,8,Sign Up,0.17469065127234729,1
100,S00100,44,Tablet,6,750,8,1,Checkout,0.0676362986360361,0
101,S00101,19,Mobile,3,724,19,4,Browse,0.05,0
102,S00102,56,Desktop,6,117,23,7,Browse,0.05,0
103,S00103,34,Mobile,5,501,9,9,Add to Cart,0.05628866157556561,0
104,S00104,52,Desktop,5,127,12,2,Product,0.26904905817136326,0
105,S00105,34,Tablet,7,516,15,7,Purchase,0.05,0
106,S00106,58,Tablet,7,307,10,6,Purchase,0.05,0
107,S00107,25,Tablet,7,496,18,3,Checkout,0.05,0
108,S00108,56,Mobile,1,535,29,5,Home,0.21198414633905327,0
109,S00109,35,Mobile,5,445,12,1,Add to Cart,0.1653219672164357,0
110,S00110,56,Mobile,5,496,21,8,Product,0.05,0
111,S00111,37,Desktop,6,708,3,7,Browse,0.05,0
112,S00112,41,Mobile,3,824,29,4,Browse,0.05,0
113,S00113,41,Mobile,5,245,25,6,Add to Cart,0.05,0
114,S00114,51,Mobile,1,772,26,2,Home,0.33062401119287155,0
115,S00115,22,Mobile,7,746,17,8,Purchase,0.05,0
116,S00116,42,Desktop,6,376,2,8,Checkout,0.05,1
117,S00117,32,Desktop,5,414,27,1,Add to Cart,0.05,0
118,S00118,30,Desktop,5,612,18,7,Add to Cart,0.05,0
119,S00119,57,Desktop,5,308,6,7,Add to Cart,0.13443857449578914,0
120,S00120,59,Mobile,3,441,28,6,Browse,0.07443192248858384,0
121,S00121,48,Desktop,2,691,11,4,Sign Up,0.18084386470983208,0
122,S00122,46,Mobile,2,243,13,0,Sign Up,0.23708289501381116,1
123,S00123,51,Desktop,5,694,16,5,Add to Cart,0.05,0
124,S00124,39,Tablet,4,261,4,0,Product,0.19893860061971594,1
125,S00125,35,Desktop,7,304,12,3,Checkout,0.05,1
126,S00126,51,Mobile,5,535,17,2,Add to Cart,0.1132472394674299,0
127,S00127,19,Desktop,4,41,11,2,Product,0.18968277597536254,0
128,S00128,23,Desktop,5,406,27,0,Product,0.10476140018428606,0
129,S00129,41,Mobile,7,511,16,7,Purchase,0.05,0
130,S00130,37,Desktop,1,753,14,6,Home,0.11650517532647735,0
131,S00131,37,Mobile,6,850,22,5,Add to Cart,0.054525810723636686,0
132,S00132,48,Desktop,3,320,25,0,Browse,0.12619517905123953,0
133,S00133,41,Mobile,4,65,15,5,Product,0.06014450656206552,0
134,S00134,50,Desktop,2,122,2,5,Sign Up,0.269712818653435,0
135,S00135,32,Mobile,7,447,17,7,Purchase,0.05,0
136,S00136,37,Mobile,3,402,7,3,Browse,0.22117883083374001,0
137,S00137,20,Mobile,4,893,14,1,Browse,0.05,0
138,S00138,53,Desktop,5,650,21,6,Add to Cart,0.05,0
139,S00139,58,Mobile,4,733,19,2,Browse,0.05,0
140,S00140,41,Mobile,4,751,12,3,Product,0.10049037412749715,0
141,S00141,51,Mobile,2,354,2,3,Sign Up,0.3140858302730736,0
142,S00142,29,Mobile,2,571,21,0,Home,0.05323862744126007,0
143,S00143,47,Mobile,4,545,14,1,Product,0.16673801236755464,0
144,S00144,56,Mobile,2,762,6,0,Sign Up,0.19605085343311157,0
145,S00145,19,Desktop,5,468,8,7,Add to Cart,0.05,0
146,S00146,29,Desktop,1,152,20,7,Home,0.12957817915554498,0
147,S00147,18,Mobile,6,303,25,4,Checkout,0.05,0
148,S00148,37,Mobile,2,530,5,3,Home,0.3076549367488347,0
149,S00149,52,Mobile,5,78,5,0,Add to Cart,0.22444740748970116,0
150,S00150,48,Mobile,3,197,23,5,Home,0.1466527913457068,0
151,S00151,33,Tablet,4,394,8,1,Browse,0.2403154139824759,0
152,S00152,27,Mobile,2,164,26,7,Sign Up,0.05,0
153,S00153,44,Tablet,6,820,1,2,Add to Cart,0.07939422121770201,0
154,S00154,50,Mobile,5,604,21,8,Add to Cart,0.05,0
155,S00155,51,Desktop,1,298,19,0,Home,0.27993999670314407,1
156,S00156,32,Desktop,2,730,15,4,Sign Up,0.05,0
157,S00157,50,Mobile,1,310,12,5,Home,0.24207550338816158,0
158,S00158,27,Desktop,1,22,21,9,Home,0.11069073014359936,0
159,S00159,19,Mobile,5,240,26,8,Add to Cart,0.07474182548084145,0
160,S00160,38,Mobile,7,355,15,4,Checkout,0.05,0
161,S00161,21,Mobile,4,513,27,2,Product,0.07334600609636491,0
162,S00162,47,Mobile,7,127,10,6,Purchase,0.05,0
163,S00163,24,Desktop,4,395,13,9,Product,0.23443386667235802,0
164,S00164,32,Desktop,2,652,29,9,Sign Up,0.05,0
165,S00165,43,Mobile,4,69,24,2,Product,0.08422959494606451,0
166,S00166,22,Mobile,3,127,2,0,Sign Up,0.3355254121172324,1
167,S00167,32,Mobile,7,179,11,9,Purchase,0.05,0
168,S00168,58,Desktop,7,299,28,2,Purchase,0.10686955065036491,0
169,S00169,26,Mobile,3,89,9,6,Browse,0.20035287294325987,0
170,S00170,20,Mobile,5,77,3,5,Add to Cart,0.05,0
171,S00171,47,Mobile,6,831,26,3,Checkout,0.05,1
172,S00172,33,Desktop,4,534,16,6,Product,0.05,0
173,S00173,18,Desktop,5,103,6,5,Add to Cart,0.18619869413508724,1
174,S00174,50,Mobile,5,597,9,4,Add to Cart,0.13198618534356674,0
175,S00175,43,Desktop,7,281,3,5,Checkout,0.05,0
176,S00176,47,Desktop,3,867,7,3,Browse,0.21325421977894318,1
177,S00177,44,Desktop,2,225,20,1,Sign Up,0.2032382778119983,0
178,S00178,53,Desktop,1,129,16,5,Home,0.25145631376411265,0
179,S00179,20,Tablet,6,44,13,4,Product,0.05,0
180,S00180,48,Mobile,2,847,6,1,Sign Up,0.22208561079568329,1
181,S00181,22,Desktop,2,364,2,1,Home,0.2453080778058926,1
182,S00182,24,Desktop,4,628,4,3,Product,0.0979255074960653,0
183,S00183,53,Mobile,7,709,5,3,Checkout,0.05,0
184,S00184,44,Mobile,6,610,21,9,Checkout,0.05,0
185,S00185,35,Mobile,4,484,3,0,Product,0.20021563683920549,1
186,S00186,35,Mobile,1,752,20,5,Home,0.05,0
187,S00187,59,Desktop,1,211,17,7,Home,0.27973611636306817,0
188,S00188,46,Mobile,2,845,28,7,Sign Up,0.05,0
189,S00189,51,Mobile,6,219,17,0,Checkout,0.07383137108078029,0
190,S00190,18,Mobile,3,683,17,4,Browse,0.08975342701226291,0
191,S00191,53,Mobile,7,230,7,2,Checkout,0.11907048806268945,0
192,S00192,20,Mobile,6,855,14,8,Checkout,0.05,0
193,S00193,57,Mobile,5,712,16,1,Product,0.05,0
194,S00194,42,Mobile,4,433,20,4,Browse,0.05,0
195,S00195,49,Mobile,7,516,12,8,Purchase,0.05,0
196,S00196,45,Mobile,2,789,29,4,Sign Up,0.05,0
197,S00197,48,Mobile,7,107,12,5,Purchase,0.05,0
198,S00198,25,Mobile,1,895,5,2,Home,0.2927682927132189,0
199,S00199,57,Mobile,2,885,11,8,Sign Up,0.11983698326971126,0
200,S00200,58,Mobile,1,519,4,5,Home,0.35287031487572623,0
201,S00201,29,Desktop,6,652,2,4,Checkout,0.18035710809867245,0
202,S00202,52,Mobile,6,488,22,7,Checkout,0.05,0
203,S00203,24,Mobile,6,534,24,4,Checkout,0.05,0
204,S00204,36,Mobile,5,95,26,5,Add to Cart,0.09697800767699345,0
205,S00205,50,Mobile,4,132,27,8,Product,0.11288269564202828,0
206,S00206,23,Tablet,4,94,7,8,Product,0.1674678162774893,0
207,S00207,20,Mobile,1,881,22,5,Home,0.05,0
208,S00208,59,Desktop,2,600,29,4,Sign Up,0.08862386897299157,0
209,S00209,22,Desktop,2,279,7,6,Sign Up,0.3360507371638296,0
210,S00210,48,Tablet,1,567,21,7,Home,0.07838229947309835,1
211,S00211,47,Mobile,7,182,23,7,Add to Cart,0.05,0
212,S00212,50,Desktop,6,658,15,1,Checkout,0.18396442388827722,0
213,S00213,31,Desktop,2,40,18,4,Sign Up,0.23748463457333036,0
214,S00214,42,Tablet,4,464,9,0,Product,0.06687345563012764,0
215,S00215,50,Mobile,5,592,2,9,Add to Cart,0.06030557798088339,0
216,S00216,22,Tablet,1,85,10,1,Home,0.2974336537106427,0
217,S00217,56,Mobile,7,313,28,9,Purchase,0.05,1
218,S00218,57,Desktop,6,647,28,8,Add to Cart,0.05,0
219,S00219,50,Mobile,3,793,7,3,Browse,0.1208794846678402,0
220,S00220,29,Mobile,4,495,9,3,Product,0.05557518395026406,0
221,S00221,57,Mobile,4,487,6,1,Product,0.14516797343147678,0
222,S00222,54,Desktop,3,632,4,5,Browse,0.10790812294064031,0
223,S00223,28,Mobile,1,594,13,6,Home,0.19530178420074967,0
224,S00224,45,Desktop,7,590,23,4,Purchase,0.05,0
225,S00225,46,Mobile,6,453,6,2,Add to Cart,0.14099062043528707,0
226,S00226,47,Mobile,5,175,24,9,Add to Cart,0.05,0
227,S00227,28,Desktop,6,292,5,2,Add to Cart,0.05,0
228,S00228,18,Desktop,7,659,3,3,Purchase,0.05145547347521449,0
229,S00229,53,Desktop,7,412,3,1,Checkout,0.05,0
230,S00230,36,Tablet,6,526,20,0,Checkout,0.05,0
231,S00231,20,Desktop,1,303,20,6,Home,0.25480705597912195,0
232,S00232,36,Desktop,6,139,6,4,Checkout,0.2636981776584816,0
233,S00233,28,Mobile,1,353,9,3,Home,0.23848181041538088,0
234,S00234,33,Mobile,1,451,12,2,Home,0.3159006734383343,1
235,S00235,38,Mobile,5,323,20,4,Add to Cart,0.11956581038259438,0
236,S00236,18,Mobile,7,450,8,5,Purchase,0.05,0
237,S00237,37,Desktop,3,151,23,6,Browse,0.05,0
238,S00238,58,Mobile,7,281,22,8,Purchase,0.05,0
239,S00239,52,Mobile,3,451,13,3,Browse,0.12761327383601095,0
240,S00240,59,Mobile,6,252,9,7,Checkout,0.05,0
241,S00241,30,Desktop,6,678,11,0,Add to Cart,0.05,0
242,S00242,45,Desktop,1,878,14,6,Home,0.20063774329871154,0
243,S00243,40,Mobile,4,869,18,1,Product,0.0701216626529393,0
244,S00244,50,Mobile,3,674,9,6,Browse,0.05,0
245,S00245,28,Desktop,6,229,19,5,Checkout,0.10821791367668437,0
246,S00246,19,Mobile,6,287,3,0,Add to Cart,0.1612995505872891,0
247,S00247,41,Desktop,4,296,22,1,Product,0.14158899042589307,0
248,S00248,49,Desktop,4,191,15,8,Product,0.1504455208788833,0
249,S00249,53,Mobile,7,309,24,4,Purchase,0.05,0
250,S00250,55,Desktop,2,707,20,7,Sign Up,0.05,0
251,S00251,21,Mobile,2,856,24,7,Sign Up,0.05,1
252,S00252,44,Mobile,2,281,27,4,Sign Up,0.16559067100777938,0
253,S00253,54,Tablet,5,54,23,5,Product,0.05,0
254,S00254,39,Mobile,5,508,17,1,Add to Cart,0.10961735406482222,0
255,S00255,38,Mobile,4,552,12,6,Product,0.05,0
256,S00256,52,Desktop,6,780,24,9,Checkout,0.05,0
257,S00257,44,Tablet,3,841,13,5,Browse,0.08538015529960861,0
258,S00258,29,Tablet,3,166,26,3,Browse,0.10264461796020721,0
259,S00259,55,Mobile,6,235,23,8,Checkout,0.061151608725109774,0
260,S00260,52,Mobile,1,859,20,0,Home,0.3167763626295752,0
261,S00261,50,Desktop,3,594,6,2,Browse,0.23337206212238087,1
262,S00262,49,Tablet,6,702,3,5,Add to Cart,0.05,0
263,S00263,47,Tablet,7,182,19,1,Purchase,0.05,0
264,S00264,22,Desktop,1,146,1,3,Home,0.3726538035739153,0
265,S00265,57,Mobile,2,403,4,5,Sign Up,0.38330556757139667,0
266,S00266,49,Mobile,5,102,27,5,Add to Cart,0.08746802547493666,0
267,S00267,19,Mobile,5,203,15,1,Add to Cart,0.10727870633512172,0
268,S00268,18,Mobile,6,456,13,4,Checkout,0.06726890518749223,0
269,S00269,27,Desktop,6,583,20,1,Checkout,0.05,0
270,S00270,35,Mobile,7,309,18,7,Purchase,0.05,1
271,S00271,49,Desktop,1,362,24,1,Home,0.05482632888508937,0
272,S00272,46,Tablet,1,596,11,2,Home,0.201275845852172,0
273,S00273,51,Mobile,4,869,15,2,Product,0.05,0
274,S00274,44,Desktop,7,194,23,4,Purchase,0.12443534451200232,0
275,S00275,38,Mobile,3,671,5,9,Browse,0.14799661641647205,0
276,S00276,35,Desktop,3,255,9,6,Browse,0.13205230773771942,0
277,S00277,48,Desktop,1,348,6,5,Home,0.23095841914191842,0
278,S00278,51,Mobile,7,823,18,2,Purchase,0.05,0
279,S00279,52,Desktop,1,137,22,9,Home,0.07038446534819369,0
280,S00280,30,Mobile,2,868,4,9,Home,0.09290853692372412,0
281,S00281,55,Mobile,6,555,29,8,Checkout,0.05,0
282,S00282,44,Desktop,2,718,15,8,Home,0.19110560760231407,0
283,S00283,49,Mobile,1,52,23,9,Home,0.20249726886402447,0
284,S00284,33,Mobile,4,666,4,2,Product,0.05,0
285,S00285,25,Mobile,3,663,8,2,Browse,0.11095526500760833,1
286,S00286,43,Desktop,1,650,5,7,Home,0.37509020671449755,0
287,S00287,28,Tablet,4,297,9,0,Sign Up,0.3029815036003015,0
288,S00288,28,Tablet,4,882,28,0,Product,0.06231528485800999,0
289,S00289,48,Desktop,2,813,17,1,Home,0.08123856786959811,0
290,S00290,55,Mobile,7,755,29,9,Purchase,0.05,0
291,S00291,47,Desktop,6,112,8,0,Checkout,0.1760734928380786,0
292,S00292,43,Mobile,4,158,5,8,Sign Up,0.0557802647873059,1
293,S00293,23,Mobile,3,816,27,1,Browse,0.14159874340571066,0
294,S00294,53,Mobile,1,446,7,0,Home,0.2826775516531145,1
295,S00295,41,Desktop,5,105,12,8,Add to Cart,0.05,0
296,S00296,44,Mobile,3,368,3,9,Sign Up,0.16228846371996736,0
297,S00297,51,Tablet,1,624,7,0,Home,0.22291409319591507,1
298,S00298,52,Tablet,3,877,14,0,Browse,0.14780490955788575,0
299,S00299,44,Mobile,1,133,1,9,Home,0.18573220809544178,0
300,S00300,39,Desktop,5,752,4,4,Add to Cart,0.11688704956317476,0
301,S00301,24,Desktop,7,173,8,4,Purchase,0.05,0
302,S00302,45,Desktop,3,855,26,2,Browse,0.05,0
303,S00303,57,Mobile,4,555,24,9,Product,0.05,0
304,S00304,58,Mobile,1,719,22,5,Home,0.170443285237733,1
305,S00305,27,Mobile,7,104,29,3,Purchase,0.05,0
306,S00306,47,Mobile,1,131,27,2,Home,0.2623573034283161,1
307,S00307,53,Tablet,6,232,22,4,Add to Cart,0.05,0
308,S00308,49,Mobile,1,804,4,3,Home,0.08446239655918322,0
309,S00309,38,Desktop,1,852,25,2,Home,0.17573784473089463,0
310,S00310,57,Mobile,7,217,1,6,Product,0.05,0
311,S00311,37,Tablet,3,356,17,6,Browse,0.20491228385728066,0
312,S00312,21,Mobile,3,62,20,2,Browse,0.05,0
313,S00313,21,Desktop,5,870,6,8,Add to Cart,0.05,0
314,S00314,52,Tablet,3,574,10,8,Browse,0.07004351348103502,0
315,S00315,39,Desktop,5,859,7,7,Add to Cart,0.05,0
316,S00316,29,Mobile,3,302,12,0,Browse,0.18499562152357732,0
317,S00317,22,Mobile,3,52,18,8,Browse,0.09972814576506665,0
318,S00318,30,Desktop,7,610,23,6,Purchase,0.05,0
319,S00319,43,Mobile,2,36,2,5,Sign Up,0.2831099971008572,1
320,S00320,37,Mobile,3,708,12,6,Browse,0.10409329874011296,0
321,S00321,33,Desktop,2,185,22,9,Sign Up,0.09057925797805655,0
322,S00322,36,Desktop,7,853,21,1,Purchase,0.05,0
323,S00323,19,Desktop,1,614,26,8,Home,0.11201810201916193,0
324,S00324,39,Desktop,6,44,13,0,Checkout,0.16564713731203975,0
325,S00325,59,Desktop,6,195,6,0,Add to Cart,0.17877734233827178,0
326,S00326,26,Mobile,3,267,28,0,Browse,0.17377848753648173,0
327,S00327,57,Desktop,5,170,15,3,Browse,0.24090113177656242,0
328,S00328,28,Desktop,6,323,23,9,Checkout,0.05,0
329,S00329,55,Desktop,3,769,8,2,Browse,0.19246221170825997,0
330,S00330,45,Tablet,5,668,18,7,Add to Cart,0.05,0
331,S00331,57,Mobile,4,638,5,1,Product,0.09906906990890596,0
332,S00332,21,Mobile,1,842,3,5,Home,0.19402744061403654,0
333,S00333,18,Tablet,5,664,17,9,Add to Cart,0.05,1
334,S00334,29,Mobile,2,554,25,4,Sign Up,0.08277010443976329,1
335,S00335,41,Desktop,7,833,23,4,Checkout,0.05,0
336,S00336,39,Mobile,5,445,23,0,Product,0.05,0
337,S00337,54,Mobile,6,391,15,6,Checkout,0.05,0
338,S00338,49,Desktop,6,653,10,2,Product,0.05,0
339,S00339,36,Mobile,6,431,24,7,Checkout,0.05,0
340,S00340,51,Mobile,6,112,16,0,Checkout,0.07177973239637866,0
341,S00341,43,Desktop,7,333,17,6,Purchase,0.06218417910019498,0
342,S00342,42,Desktop,1,651,24,0,Home,0.27209870187726465,0
343,S00343,39,Desktop,3,383,19,5,Browse,0.12924822908494987,0
344,S00344,20,Mobile,6,561,25,7,Checkout,0.05,0
345,S00345,57,Tablet,4,135,25,0,Product,0.05,0
346,S00346,31,Mobile,3,593,4,3,Browse,0.22562691567729093,0
347,S00347,47,Mobile,6,275,17,8,Add to Cart,0.05,0
348,S00348,56,Desktop,4,740,3,4,Product,0.22046578577174136,0
349,S00349,45,Mobile,2,420,16,6,Sign Up,0.25452187180326136,0
350,S00350,39,Desktop,4,701,29,5,Browse,0.05,0
351,S00351,19,Mobile,4,669,12,0,Product,0.17490496637355124,0
352,S00352,55,Mobile,3,697,3,0,Browse,0.20559148716916056,0
353,S00353,30,Desktop,7,809,10,6,Purchase,0.05,0
354,S00354,54,Mobile,6,424,3,4,Add to Cart,0.10780112491056766,0
355,S00355,46,Mobile,5,249,18,1,Add to Cart,0.303606783916648,0
356,S00356,30,Mobile,4,478,27,4,Product,0.05,0
357,S00357,52,Mobile,7,481,24,1,Purchase,0.05,0
358,S00358,21,Tablet,7,38,11,1,Purchase,0.05,0
359,S00359,22,Desktop,5,582,21,1,Add to Cart,0.05,0
360,S00360,35,Mobile,3,296,12,4,Browse,0.11335266709197311,0
361,S00361,27,Desktop,1,83,7,3,Home,0.2106693306691634,1
362,S00362,34,Desktop,6,453,20,1,Checkout,0.05,0
363,S00363,20,Desktop,2,113,13,1,Sign Up,0.30395586542492475,0
364,S00364,25,Mobile,3,169,20,7,Browse,0.0832923023211103,0
365,S00365,37,Desktop,6,849,11,6,Checkout,0.05,0
366,S00366,48,Tablet,7,626,21,3,Checkout,0.05,0
367,S00367,51,Mobile,4,589,2,3,Browse,0.2452087577015709,0
368,S00368,57,Mobile,4,75,23,7,Browse,0.05,1
369,S00369,27,Mobile,1,439,29,3,Home,0.20175235726684523,1
370,S00370,55,Desktop,7,395,23,5,Purchase,0.05,0
371,S00371,41,Desktop,4,465,23,0,Product,0.05,0
372,S00372,39,Desktop,2,390,12,7,Sign Up,0.22514941063812383,1
373,S00373,32,Mobile,7,544,17,8,Purchase,0.05,0
374,S00374,35,Mobile,7,727,27,8,Purchase,0.05,0
375,S00375,31,Desktop,4,570,8,8,Browse,0.05,0
376,S00376,20,Mobile,2,739,22,5,Sign Up,0.09252688134418374,0
377,S00377,23,Mobile,3,406,27,0,Browse,0.3324511534967929,0
378,S00378,21,Mobile,7,645,17,3,Add to Cart,0.1246244156078578,0
379,S00379,44,Mobile,6,347,8,9,Checkout,0.0927193477257897,0
380,S00380,47,Tablet,2,752,14,1,Sign Up,0.22077963629467245,1
381,S00381,38,Mobile,1,486,20,8,Home,0.2398490826752817,1
382,S00382,47,Desktop,4,668,22,0,Browse,0.06558906356917014,0
383,S00383,29,Desktop,6,91,27,0,Checkout,0.08363953536527348,0
384,S00384,57,Tablet,6,361,18,5,Add to Cart,0.05,0
385,S00385,38,Tablet,7,123,19,6,Purchase,0.05,0
386,S00386,53,Tablet,4,589,17,8,Product,0.05,0
387,S00387,57,Mobile,4,229,16,7,Product,0.05,0
388,S00388,33,Desktop,7,491,23,8,Purchase,0.05,0
389,S00389,36,Tablet,5,214,26,0,Add to Cart,0.1624753251408308,0
390,S00390,40,Mobile,7,387,1,5,Checkout,0.05,0
391,S00391,50,Mobile,5,162,26,9,Add to Cart,0.05,1
392,S00392,40,Desktop,2,680,28,2,Sign Up,0.05,0
393,S00393,20,Mobile,2,364,20,0,Home,0.28053355866658813,1
394,S00394,54,Mobile,5,889,29,4,Product,0.05,0
395,S00395,45,Mobile,7,621,13,7,Purchase,0.05,0
396,S00396,42,Desktop,7,297,8,4,Purchase,0.05,0
397,S00397,33,Mobile,7,804,17,5,Checkout,0.05,0
398,S00398,44,Desktop,7,264,24,2,Purchase,0.05,0
399,S00399,23,Mobile,2,165,4,0,Sign Up,0.29005296700747385,1
400,S00400,32,Desktop,3,770,12,2,Browse,0.16847595346488042,0
401,S00401,49,Tablet,4,891,24,0,Product,0.05298687445443094,0
402,S00402,54,Mobile,7,855,8,3,Purchase,0.0881320846032351,0
403,S00403,26,Mobile,2,795,7,7,Sign Up,0.05,0
404,S00404,47,Desktop,2,216,21,6,Sign Up,0.06291718978378692,0
405,S00405,40,Desktop,6,653,29,3,Checkout,0.05,0
406,S00406,20,Desktop,3,420,4,3,Browse,0.1795538657644153,0
407,S00407,23,Mobile,1,169,16,6,Home,0.22052476153928954,0
408,S00408,50,Mobile,3,252,9,6,Browse,0.1302897069511677,0
409,S00409,40,Mobile,4,256,24,8,Product,0.09826185947729739,1
410,S00410,52,Desktop,2,797,3,4,Sign Up,0.13013746056300113,0
411,S00411,34,Mobile,2,863,25,9,Sign Up,0.05,1
412,S00412,52,Mobile,2,675,6,8,Sign Up,0.05,0
413,S00413,59,Desktop,5,777,2,9,Add to Cart,0.05619166201731951,1
414,S00414,29,Mobile,3,36,29,0,Browse,0.05,0
415,S00415,33,Mobile,6,880,15,4,Checkout,0.05,0
416,S00416,36,Mobile,5,83,5,6,Add to Cart,0.06851150583680579,0
417,S00417,33,Mobile,6,887,13,2,Checkout,0.05,0
418,S00418,36,Desktop,4,258,15,8,Browse,0.10510185358275606,1
419,S00419,40,Desktop,5,297,26,3,Product,0.07886789608146044,0
420,S00420,48,Mobile,5,307,2,3,Add to Cart,0.2381846637904908,0
421,S00421,56,Tablet,3,107,1,6,Browse,0.08540685225008132,0
422,S00422,28,Tablet,1,578,28,4,Home,0.13609013072113424,0
423,S00423,19,Desktop,4,127,19,9,Product,0.09564379371335338,0
424,S00424,58,Desktop,7,440,22,5,Purchase,0.05,0
425,S00425,26,Mobile,1,541,25,1,Home,0.18388125360638524,0
426,S00426,53,Mobile,3,405,25,1,Browse,0.2275571436058043,0
427,S00427,56,Mobile,2,641,14,4,Sign Up,0.19412056288300986,0
428,S00428,23,Desktop,4,41,14,3,Product,0.1496894104988045,0
429,S00429,55,Mobile,5,142,16,4,Product,0.05,0
430,S00430,31,Mobile,6,819,15,0,Checkout,0.10597054762139563,0
431,S00431,31,Mobile,1,264,3,0,Home,0.26322644963839853,1
432,S00432,49,Desktop,3,743,3,4,Sign Up,0.1577924587743498,0
433,S00433,39,Desktop,5,527,27,8,Browse,0.05,0
434,S00434,37,Desktop,1,77,21,0,Home,0.2787422495422497,0
435,S00435,46,Desktop,5,131,19,0,Add to Cart,0.2182079714066426,0
436,S00436,36,Desktop,5,190,13,8,Add to Cart,0.10207826653528095,0
437,S00437,25,Tablet,3,45,23,8,Home,0.10394051672191264,0
438,S00438,31,Mobile,2,430,11,5,Sign Up,0.10317453682111996,0
439,S00439,23,Mobile,6,388,10,0,Add to Cart,0.18265617316688887,0
440,S00440,54,Mobile,1,288,25,5,Home,0.22672351556208314,0
441,S00441,21,Mobile,1,26,14,9,Home,0.25541450320474224,1
442,S00442,40,Mobile,3,386,25,9,Browse,0.05,0
443,S00443,31,Mobile,6,367,17,2,Checkout,0.05,0
444,S00444,55,Mobile,1,509,7,5,Home,0.11521419975101693,0
445,S00445,58,Mobile,1,410,16,1,Home,0.11888730447018514,0
446,S00446,51,Mobile,4,446,22,9,Product,0.05,0
447,S00447,25,Mobile,3,311,18,3,Browse,0.13200637333585302,0
448,S00448,33,Desktop,3,206,4,4,Browse,0.28341354647045763,0
449,S00449,56,Mobile,6,689,22,1,Checkout,0.05,0
450,S00450,54,Mobile,2,52,10,4,Sign Up,0.05,0
451,S00451,56,Tablet,5,863,23,0,Product,0.05,0
452,S00452,50,Desktop,7,397,11,3,Purchase,0.05,0
453,S00453,38,Mobile,7,698,28,2,Purchase,0.05,0
454,S00454,32,Desktop,3,898,3,2,Browse,0.16088182323979372,0
455,S00455,29,Mobile,5,368,19,2,Add to Cart,0.20545783022486921,0
456,S00456,31,Tablet,1,346,15,6,Home,0.34488309558184893,1
457,S00457,58,Tablet,1,447,1,9,Home,0.16658618250052448,0
458,S00458,34,Desktop,6,387,14,8,Add to Cart,0.05,0
459,S00459,31,Mobile,3,463,25,2,Browse,0.24807293455736357,0
460,S00460,21,Mobile,2,342,26,7,Sign Up,0.05,0
461,S00461,56,Mobile,5,728,25,3,Add to Cart,0.05,0
462,S00462,28,Desktop,7,328,26,5,Checkout,0.05,0
463,S00463,29,Desktop,4,718,1,2,Sign Up,0.10325051787182965,0
464,S00464,40,Desktop,6,547,28,2,Checkout,0.12416417063355548,0
465,S00465,42,Mobile,6,682,19,6,Checkout,0.05,0
466,S00466,35,Mobile,7,699,19,9,Purchase,0.05,0
467,S00467,57,Desktop,5,196,23,3,Add to Cart,0.05,0
468,S00468,28,Desktop,3,522,21,2,Home,0.11411755111604242,0
469,S00469,41,Mobile,6,20,4,8,Checkout,0.05,0
470,S00470,26,Desktop,3,500,2,7,Browse,0.24495869908591572,0
471,S00471,23,Desktop,6,883,9,6,Add to Cart,0.05,0
472,S00472,57,Desktop,1,173,4,0,Home,0.23281309143548737,1
473,S00473,52,Desktop,5,266,5,3,Product,0.07340910840732384,0
474,S00474,20,Mobile,6,787,9,4,Checkout,0.05,0
475,S00475,26,Desktop,2,777,24,6,Sign Up,0.05,0
476,S00476,48,Desktop,2,807,12,6,Home,0.05,0
477,S00477,30,Mobile,4,125,23,5,Sign Up,0.16403910854187476,0
478,S00478,36,Mobile,6,163,24,8,Add to Cart,0.05,0
479,S00479,24,Mobile,1,163,15,5,Home,0.21218931635895796,0
480,S00480,36,Desktop,7,192,13,6,Purchase,0.05,0
481,S00481,34,Desktop,3,557,19,1,Home,0.1353016426748681,1
482,S00482,56,Desktop,3,807,16,5,Sign Up,0.05,0
483,S00483,25,Desktop,4,54,27,2,Product,0.21223659976856524,0
484,S00484,58,Desktop,2,709,4,4,Sign Up,0.17695256321206304,0
485,S00485,52,Desktop,3,391,15,2,Browse,0.08808422339264459,0
486,S00486,41,Mobile,2,69,22,1,Home,0.3471924684630431,0
487,S00487,32,Desktop,7,795,15,2,Purchase,0.05,0
488,S00488,32,Mobile,1,368,2,1,Home,0.3402714790355037,0
489,S00489,46,Mobile,5,569,14,7,Add to Cart,0.05,0
490,S00490,39,Mobile,2,653,17,0,Sign Up,0.35784703517435157,1
491,S00491,21,Mobile,2,881,6,0,Sign Up,0.2713040550574942,0
492,S00492,58,Desktop,1,728,10,8,Home,0.12103542943029791,1
493,S00493,53,Mobile,6,297,2,6,Add to Cart,0.05,0
494,S00494,44,Mobile,1,303,10,8,Home,0.28311513888521084,0
495,S00495,23,Mobile,2,618,18,9,Sign Up,0.05,0
496,S00496,54,Desktop,5,445,17,1,Add to Cart,0.10000123733542536,0
497,S00497,35,Tablet,6,489,26,0,Checkout,0.05,0
498,S00498,23,Mobile,3,859,1,5,Browse,0.18960891449401795,1
499,S00499,36,Mobile,1,847,3,5,Home,0.21406425228039094,0
500,S00500,47,Mobile,7,141,17,5,Checkout,0.12417817323019306,1
501,S00501,52,Desktop,1,839,21,5,Home,0.1510432640314227,0
502,S00502,57,Mobile,4,84,4,9,Product,0.08940689454268158,0
503,S00503,24,Mobile,2,833,13,3,Sign Up,0.30597165962320816,0
504,S00504,34,Mobile,6,169,9,3,Add to Cart,0.05,0
505,S00505,40,Mobile,7,866,12,9,Purchase,0.05,0
506,S00506,33,Desktop,2,566,15,2,Sign Up,0.2834866571334532,1
507,S00507,58,Mobile,7,534,26,1,Purchase,0.05,0
508,S00508,34,Mobile,3,210,15,9,Browse,0.16245281498199948,0
509,S00509,49,Mobile,3,303,17,1,Browse,0.05,0
510,S00510,39,Mobile,2,734,10,8,Sign Up,0.13098392200154196,0
511,S00511,55,Mobile,6,139,1,0,Checkout,0.12183482873470071,0
512,S00512,47,Mobile,3,360,21,1,Browse,0.13079226135743127,0
513,S00513,35,Desktop,4,120,13,1,Browse,0.19205680972527708,0
514,S00514,26,Mobile,3,802,28,4,Sign Up,0.05,0
515,S00515,43,Mobile,4,452,18,4,Product,0.05,0
516,S00516,20,Mobile,7,685,3,7,Purchase,0.05,0
517,S00517,42,Mobile,2,219,29,6,Sign Up,0.05,0
518,S00518,43,Mobile,7,180,26,8,Purchase,0.05,0
519,S00519,29,Tablet,1,800,14,7,Home,0.2064247711022048,0
520,S00520,53,Mobile,2,476,23,6,Sign Up,0.19266902660080887,1
521,S00521,19,Mobile,3,577,3,6,Browse,0.14325687956921312,0
522,S00522,23,Mobile,4,297,18,3,Product,0.141514960433876,0
523,S00523,36,Mobile,3,584,11,4,Browse,0.10500053585004163,0
524,S00524,40,Desktop,1,290,3,5,Home,0.17417754110241712,0
525,S00525,38,Desktop,1,286,6,7,Home,0.242823270898642,0
526,S00526,31,Desktop,6,383,23,1,Checkout,0.05,0
527,S00527,21,Mobile,2,125,21,5,Sign Up,0.09131402355991791,0
528,S00528,27,Desktop,5,326,11,8,Add to Cart,0.05,0
529,S00529,27,Desktop,4,496,10,5,Browse,0.05,0
530,S00530,55,Mobile,4,105,12,9,Product,0.05,0
531,S00531,41,Mobile,5,267,6,4,Add to Cart,0.09754163806560229,0
532,S00532,59,Mobile,6,199,10,9,Checkout,0.12496100304283342,1
533,S00533,24,Mobile,5,277,18,0,Add to Cart,0.05,0
534,S00534,47,Mobile,2,362,20,0,Sign Up,0.32108262462220677,0
535,S00535,53,Mobile,5,827,25,3,Product,0.05,0
536,S00536,51,Mobile,2,76,16,4,Sign Up,0.17609089065090486,1
537,S00537,36,Mobile,2,635,27,9,Sign Up,0.05,0
538,S00538,19,Mobile,7,301,26,7,Purchase,0.05,0
539,S00539,30,Mobile,6,197,15,9,Checkout,0.05,0
540,S00540,43,Tablet,7,240,21,0,Purchase,0.05,0
541,S00541,59,Mobile,4,621,5,0,Product,0.26301444288203757,1
542,S00542,51,Desktop,2,384,16,9,Sign Up,0.06641104283577509,0
543,S00543,21,Desktop,7,587,9,7,Browse,0.05,0
544,S00544,48,Desktop,4,300,23,1,Product,0.06345745460411611,0
545,S00545,52,Mobile,1,245,9,3,Home,0.19423955510094898,0
546,S00546,45,Mobile,4,647,5,1,Product,0.15033477463990377,0
547,S00547,44,Desktop,6,189,22,6,Product,0.05,0
548,S00548,57,Desktop,7,258,15,7,Purchase,0.05,0
549,S00549,44,Mobile,6,439,3,5,Add to Cart,0.05,0
550,S00550,37,Mobile,4,547,5,4,Product,0.15656226351890293,0
551,S00551,35,Mobile,4,887,20,3,Browse,0.05,0
552,S00552,27,Mobile,1,250,5,9,Home,0.1588085114589503,0
553,S00553,55,Mobile,3,424,8,0,Browse,0.21857353503200452,0
554,S00554,55,Mobile,3,503,18,0,Browse,0.07591466632680038,0
555,S00555,53,Mobile,2,114,6,8,Sign Up,0.29068401500349667,0
556,S00556,40,Mobile,6,713,25,4,Checkout,0.05,0
557,S00557,20,Desktop,3,764,8,2,Browse,0.2912793175439553,0
558,S00558,30,Mobile,1,868,29,1,Home,0.10076793985846602,0
559,S00559,24,Desktop,2,61,27,3,Sign Up,0.18332403342259995,0
560,S00560,36,Desktop,7,485,21,5,Purchase,0.05,0
561,S00561,41,Mobile,4,326,24,4,Product,0.1640300648082823,0
562,S00562,34,Desktop,4,284,15,7,Product,0.05,0
563,S00563,37,Mobile,1,128,1,9,Home,0.26394358122964556,0
564,S00564,49,Desktop,2,698,17,1,Sign Up,0.3409978513722239,0
565,S00565,51,Mobile,2,527,6,8,Sign Up,0.20171119099888865,0
566,S00566,42,Desktop,2,254,14,5,Sign Up,0.16355930941931698,1
567,S00567,55,Mobile,7,107,25,0,Purchase,0.15073380506755857,0
568,S00568,34,Mobile,6,828,19,6,Add to Cart,0.05,0
569,S00569,32,Mobile,2,376,18,2,Sign Up,0.1330811466821573,1
570,S00570,46,Mobile,7,288,24,1,Purchase,0.05,0
571,S00571,36,Mobile,6,535,24,2,Add to Cart,0.10238466964284464,0
572,S00572,31,Mobile,6,804,4,7,Add to Cart,0.05,0
573,S00573,43,Mobile,3,458,3,2,Browse,0.30752507320020867,0
574,S00574,57,Mobile,5,566,3,7,Add to Cart,0.24500939089326296,0
575,S00575,51,Mobile,7,606,13,6,Purchase,0.05,0
576,S00576,23,Desktop,3,769,6,5,Browse,0.14820662297981482,1
577,S00577,46,Mobile,1,71,1,5,Home,0.2703855018829271,0
578,S00578,54,Mobile,7,851,10,9,Purchase,0.05,0
579,S00579,30,Mobile,3,856,23,4,Browse,0.05,0
580,S00580,43,Mobile,2,578,21,5,Sign Up,0.1889866464582426,0
581,S00581,32,Mobile,7,166,9,5,Purchase,0.0861667320747101,0
582,S00582,19,Mobile,3,130,18,0,Browse,0.2614061315329884,1
583,S00583,18,Tablet,6,615,3,2,Checkout,0.19114891305445256,0
584,S00584,29,Mobile,5,68,15,5,Add to Cart,0.07464860459914374,0
585,S00585,43,Desktop,4,45,8,4,Browse,0.26335931650326905,0
586,S00586,33,Mobile,5,853,22,5,Add to Cart,0.05,0
587,S00587,50,Desktop,6,552,8,2,Checkout,0.09402533759042715,0
588,S00588,47,Desktop,5,521,16,3,Add to Cart,0.22638801439488648,0
589,S00589,33,Mobile,6,178,14,4,Product,0.1130658275077242,0
590,S00590,40,Desktop,2,666,10,3,Sign Up,0.28698728037008847,0
591,S00591,19,Desktop,5,148,23,9,Add to Cart,0.06492074596371608,0
592,S00592,35,Desktop,4,681,5,3,Product,0.061946990517803655,0
593,S00593,18,Mobile,5,497,9,2,Add to Cart,0.13410597048147832,0
594,S00594,33,Mobile,3,262,22,8,Browse,0.05,0
595,S00595,21,Mobile,3,416,10,1,Browse,0.06937527370578903,0
596,S00596,50,Mobile,7,21,9,6,Purchase,0.05,0
597,S00597,47,Mobile,1,458,25,9,Home,0.05,0
598,S00598,41,Desktop,4,376,21,3,Product,0.08624916891133867,0
599,S00599,58,Mobile,2,40,4,6,Home,0.28783030774026647,1
600,S00600,48,Tablet,5,533,20,0,Add to Cart,0.05,0
601,S00601,36,Desktop,2,675,4,6,Sign Up,0.16956972322809855,1
602,S00602,49,Tablet,1,88,13,9,Home,0.1346653711920708,0
603,S00603,50,Mobile,2,28,25,1,Sign Up,0.2956259480804508,1
604,S00604,46,Mobile,2,460,17,6,Sign Up,0.05,0
605,S00605,59,Mobile,5,893,18,9,Product,0.05,0
606,S00606,54,Mobile,2,255,5,5,Sign Up,0.13341531217596664,0
607,S00607,59,Mobile,6,598,18,2,Checkout,0.14917896321468893,0
608,S00608,52,Desktop,1,661,29,5,Home,0.10122471276522216,1
609,S00609,48,Desktop,2,371,18,4,Sign Up,0.24607123142254914,1
610,S00610,42,Desktop,6,90,6,5,Checkout,0.16501318837266638,0
611,S00611,59,Desktop,4,469,11,6,Product,0.0803384455435141,0
612,S00612,47,Mobile,7,400,28,7,Checkout,0.05,1
613,S00613,36,Mobile,2,46,19,1,Home,0.3854803487080434,0
614,S00614,36,Mobile,7,666,26,7,Purchase,0.05,0
615,S00615,40,Mobile,2,773,21,9,Sign Up,0.05,0
616,S00616,55,Mobile,6,577,18,5,Add to Cart,0.05,0
617,S00617,23,Desktop,6,793,26,6,Add to Cart,0.05,0
618,S00618,26,Mobile,2,800,2,2,Sign Up,0.27093522695407696,1
619,S00619,20,Mobile,3,857,23,0,Browse,0.12390946384572277,1
620,S00620,46,Desktop,5,316,2,4,Add to Cart,0.13098586786389838,0
621,S00621,46,Mobile,6,674,28,9,Add to Cart,0.05,0
622,S00622,31,Desktop,1,456,3,5,Home,0.33671547569824506,1
623,S00623,26,Desktop,5,780,1,4,Product,0.08703185510417136,0
624,S00624,20,Desktop,4,267,14,5,Product,0.0586447348705192,0
625,S00625,44,Mobile,7,692,7,4,Checkout,0.05,0
626,S00626,38,Mobile,7,336,6,3,Purchase,0.05,0
627,S00627,30,Mobile,1,844,19,2,Home,0.09512945666443481,0
628,S00628,30,Mobile,6,406,28,4,Checkout,0.05,0
629,S00629,33,Mobile,4,736,13,9,Sign Up,0.05,0
630,S00630,40,Mobile,5,719,27,1,Add to Cart,0.05,0
631,S00631,35,Mobile,7,535,26,4,Checkout,0.05,0
632,S00632,34,Mobile,5,807,19,4,Add to Cart,0.05,0
633,S00633,35,Desktop,5,36,19,5,Product,0.05,0
634,S00634,33,Desktop,3,35,8,2,Browse,0.2131024657855638,0
635,S00635,34,Mobile,6,302,20,8,Checkout,0.05,0
636,S00636,51,Desktop,5,45,25,9,Add to Cart,0.05,0
637,S00637,59,Mobile,6,251,4,9,Checkout,0.05,0
638,S00638,52,Tablet,4,201,10,5,Home,0.16144744670070965,0
639,S00639,48,Desktop,7,119,23,2,Checkout,0.06199717970387329,0
640,S00640,43,Mobile,4,523,2,7,Browse,0.08521811311918989,0
641,S00641,27,Desktop,3,414,12,2,Home,0.24755973156707228,1
642,S00642,39,Mobile,4,499,18,6,Product,0.11105504771772964,0
643,S00643,52,Mobile,2,677,1,7,Sign Up,0.4045988296144403,0
644,S00644,53,Desktop,2,789,15,6,Sign Up,0.19545927201442506,0
645,S00645,47,Tablet,4,177,17,5,Sign Up,0.18295257716243513,0
646,S00646,32,Desktop,6,43,1,1,Checkout,0.293463150816916,0
647,S00647,39,Mobile,4,624,10,1,Product,0.15815680512776042,0
648,S00648,53,Desktop,1,373,8,6,Home,0.27808125882343915,0
649,S00649,43,Mobile,2,26,8,6,Sign Up,0.25752749102930667,1
650,S00650,21,Mobile,4,131,25,6,Product,0.05,0
651,S00651,37,Mobile,4,891,3,6,Browse,0.18444862657147792,0
652,S00652,35,Mobile,5,253,25,3,Product,0.06646945012250825,0
653,S00653,27,Mobile,3,166,28,4,Browse,0.09930819007779064,0
654,S00654,54,Tablet,3,451,2,5,Browse,0.2594413635521573,0
655,S00655,47,Desktop,7,789,29,0,Purchase,0.05,0
656,S00656,18,Desktop,1,529,8,4,Home,0.24568317689535346,1
657,S00657,25,Tablet,2,156,24,6,Sign Up,0.1267324748763112,0
658,S00658,42,Mobile,6,171,2,5,Checkout,0.12407379544261232,0
659,S00659,44,Mobile,2,883,15,0,Sign Up,0.3035892252300617,0
660,S00660,50,Tablet,5,224,21,9,Add to Cart,0.05,0
661,S00661,25,Mobile,1,252,3,9,Home,0.24721207929658584,0
662,S00662,43,Mobile,1,75,22,3,Home,0.38634633732458523,0
663,S00663,29,Mobile,5,199,6,6,Add to Cart,0.22801574461128266,1
664,S00664,29,Mobile,3,586,7,9,Browse,0.1307838250804693,0
665,S00665,51,Tablet,7,394,4,8,Checkout,0.05,0
666,S00666,29,Desktop,7,755,16,8,Purchase,0.05,0
667,S00667,42,Desktop,7,858,6,2,Purchase,0.05,0
668,S00668,44,Mobile,7,527,10,0,Purchase,0.0696762637874524,1
669,S00669,55,Mobile,1,631,26,6,Home,0.05,0
670,S00670,29,Desktop,7,421,15,5,Checkout,0.05,0
671,S00671,25,Desktop,6,877,20,5,Checkout,0.05,0
672,S00672,46,Mobile,6,809,8,3,Checkout,0.12542174068384382,1
673,S00673,51,Mobile,2,132,22,6,Sign Up,0.18636512081212922,0
674,S00674,55,Desktop,1,63,12,0,Home,0.24381283756134564,0
675,S00675,52,Desktop,2,64,12,0,Sign Up,0.3827015193138784,0
676,S00676,58,Desktop,2,376,17,7,Sign Up,0.16373480361350304,0
677,S00677,57,Desktop,2,200,19,2,Sign Up,0.18878895007454086,0
678,S00678,56,Mobile,1,415,13,9,Home,0.10386236506646046,0
679,S00679,18,Mobile,5,312,20,7,Add to Cart,0.05,0
680,S00680,26,Mobile,7,471,4,8,Checkout,0.05,0
681,S00681,46,Mobile,5,562,2,6,Sign Up,0.05,0
682,S00682,34,Desktop,4,550,7,5,Browse,0.14041311199130752,1
683,S00683,23,Mobile,7,634,19,5,Purchase,0.05,0
684,S00684,50,Desktop,3,793,18,9,Browse,0.05,0
685,S00685,37,Mobile,3,485,9,0,Browse,0.13288651513782934,0
686,S00686,22,Mobile,6,519,21,5,Product,0.05,0
687,S00687,38,Tablet,6,803,24,3,Checkout,0.05,0
688,S00688,44,Desktop,5,749,13,8,Add to Cart,0.05,0
689,S00689,31,Mobile,4,496,11,0,Product,0.168884795379154,0
690,S00690,27,Mobile,6,375,24,6,Browse,0.05,0
691,S00691,41,Desktop,7,877,8,2,Purchase,0.05,0
692,S00692,56,Mobile,4,583,1,1,Product,0.16788325251993724,0
693,S00693,58,Mobile,2,249,15,2,Sign Up,0.1831942658350487,0
694,S00694,45,Desktop,7,76,18,1,Purchase,0.07503494282996379,0
695,S00695,55,Mobile,5,414,1,1,Add to Cart,0.13120337043693125,0
696,S00696,37,Mobile,6,401,1,7,Checkout,0.05,0
697,S00697,41,Desktop,2,355,6,0,Sign Up,0.2539659004965173,0
698,S00698,56,Mobile,5,406,20,9,Add to Cart,0.05,0
699,S00699,49,Desktop,1,75,29,9,Home,0.05,1
700,S00700,24,Mobile,1,553,2,0,Home,0.24401443875372636,0
701,S00701,37,Mobile,4,187,13,3,Browse,0.19000568257700798,0
702,S00702,33,Mobile,1,390,5,6,Home,0.1723740849537057,0
703,S00703,54,Mobile,2,233,8,0,Sign Up,0.28179244570612605,1
704,S00704,27,Mobile,4,56,4,8,Product,0.1409076276863597,0
705,S00705,36,Desktop,3,656,10,0,Browse,0.13514476680562854,0
706,S00706,40,Mobile,7,255,25,8,Purchase,0.05,0
707,S00707,51,Desktop,5,461,14,3,Product,0.0927730705496784,0
708,S00708,33,Desktop,6,445,5,1,Checkout,0.17644467119053625,0
709,S00709,37,Desktop,1,565,28,0,Home,0.2872481905616655,0
710,S00710,18,Mobile,5,611,15,0,Browse,0.09916993084304553,1
711,S00711,31,Mobile,2,118,29,0,Sign Up,0.06019786256168036,0
712,S00712,22,Mobile,7,39,16,8,Purchase,0.05,0
713,S00713,51,Tablet,6,297,6,1,Checkout,0.18783378616111224,0
714,S00714,36,Mobile,3,158,21,3,Browse,0.15815567828459004,0
715,S00715,51,Mobile,1,897,19,9,Home,0.051656104782266406,0
716,S00716,21,Mobile,7,164,19,2,Purchase,0.05,0
717,S00717,39,Desktop,7,557,10,8,Add to Cart,0.05,0
718,S00718,51,Desktop,1,131,2,5,Home,0.26504755021924487,1
719,S00719,57,Desktop,5,124,1,8,Product,0.1014705564166182,0
720,S00720,58,Tablet,2,39,15,1,Sign Up,0.3724740245078092,1
721,S00721,57,Mobile,2,433,25,2,Sign Up,0.25516084968111835,0
722,S00722,39,Mobile,1,673,19,8,Home,0.14558537688310735,0
723,S00723,38,Mobile,3,295,3,4,Sign Up,0.2712032670995452,0
724,S00724,47,Tablet,3,232,20,3,Browse,0.1324489382966185,0
725,S00725,21,Desktop,5,835,26,5,Browse,0.05,0
726,S00726,19,Mobile,6,736,26,8,Checkout,0.05,0
727,S00727,30,Desktop,7,643,16,1,Purchase,0.05,0
728,S00728,50,Tablet,4,546,18,6,Product,0.05,0
729,S00729,59,Desktop,6,268,22,8,Checkout,0.05,0
730,S00730,22,Mobile,1,539,16,5,Home,0.08268221711459502,1
731,S00731,32,Mobile,3,121,22,3,Browse,0.13668392272720217,0
732,S00732,44,Desktop,3,644,5,6,Browse,0.1721627956524354,0
733,S00733,54,Mobile,6,551,5,2,Add to Cart,0.1323701156779145,0
734,S00734,26,Desktop,7,640,15,3,Purchase,0.05,0
735,S00735,29,Tablet,6,511,16,4,Add to Cart,0.07577393708948231,0
736,S00736,34,Mobile,5,408,9,2,Add to Cart,0.1682328851149986,0
737,S00737,18,Mobile,1,419,15,9,Home,0.09695641758891671,0
738,S00738,32,Mobile,2,302,10,2,Sign Up,0.10764104939610725,1
739,S00739,40,Desktop,7,392,10,0,Add to Cart,0.05,0
740,S00740,36,Mobile,3,206,22,9,Home,0.05,0
741,S00741,45,Mobile,7,447,10,4,Add to Cart,0.05,0
742,S00742,48,Mobile,1,285,10,6,Home,0.2639695201339433,0
743,S00743,54,Tablet,2,318,15,4,Sign Up,0.2020039498394744,0
744,S00744,57,Mobile,3,461,26,0,Browse,0.0976988166427814,0
745,S00745,35,Mobile,2,603,6,6,Sign Up,0.2284465644852826,0
746,S00746,38,Desktop,4,821,25,2,Product,0.07120102003046519,0
747,S00747,49,Desktop,1,431,21,5,Home,0.19146172443895287,0
748,S00748,32,Desktop,1,888,20,1,Home,0.2610412863691969,1
749,S00749,35,Desktop,7,92,27,4,Purchase,0.07147738843630462,0
750,S00750,43,Tablet,6,395,18,3,Checkout,0.05,0
751,S00751,48,Mobile,2,108,17,5,Sign Up,0.14251085918202838,0
752,S00752,56,Desktop,4,828,5,2,Product,0.3367464472802438,0
753,S00753,56,Mobile,6,708,9,2,Checkout,0.05,0
754,S00754,57,Desktop,1,887,27,4,Home,0.0684892692409967,0
755,S00755,24,Tablet,1,610,14,9,Home,0.10510258339491008,1
756,S00756,46,Desktop,2,348,27,8,Sign Up,0.11182325932666315,0
757,S00757,42,Mobile,6,851,16,6,Checkout,0.05,0
758,S00758,18,Desktop,6,414,10,0,Add to Cart,0.10875251354325585,0
759,S00759,23,Mobile,7,824,15,1,Product,0.05,0
760,S00760,18,Desktop,6,44,26,0,Checkout,0.22457075404460333,0
761,S00761,29,Desktop,6,620,1,8,Add to Cart,0.05,0
762,S00762,29,Mobile,2,662,11,8,Sign Up,0.16777433874004338,0
763,S00763,54,Tablet,7,436,16,6,Add to Cart,0.05,0
764,S00764,45,Desktop,6,838,27,5,Add to Cart,0.05,0
765,S00765,52,Mobile,6,360,10,6,Checkout,0.05,0
766,S00766,28,Mobile,1,505,22,4,Home,0.24689125955753616,0
767,S00767,44,Mobile,1,566,4,4,Home,0.28590994890000604,0
768,S00768,43,Mobile,2,82,24,0,Sign Up,0.18575081443088953,0
769,S00769,19,Mobile,6,616,29,8,Checkout,0.05,0
770,S00770,56,Mobile,6,672,19,6,Checkout,0.05,0
771,S00771,28,Mobile,6,99,11,0,Checkout,0.2707133999969839,0
772,S00772,34,Desktop,6,638,17,8,Checkout,0.05,0
773,S00773,53,Mobile,7,588,17,6,Purchase,0.05,0
774,S00774,27,Desktop,7,856,4,9,Checkout,0.05,0
775,S00775,40,Mobile,3,851,21,9,Sign Up,0.05,0
776,S00776,50,Mobile,5,877,4,0,Add to Cart,0.11585636290743698,0
777,S00777,40,Mobile,5,190,21,9,Add to Cart,0.05,0
778,S00778,39,Mobile,1,161,12,0,Home,0.2872626739829811,0
779,S00779,29,Desktop,6,442,1,0,Checkout,0.3060261095822839,1
780,S00780,48,Mobile,3,583,2,0,Browse,0.22971879374609402,0
781,S00781,50,Desktop,5,139,3,6,Add to Cart,0.17582123362207142,0
782,S00782,51,Tablet,1,216,6,1,Home,0.24467641987561017,1
783,S00783,18,Mobile,6,531,26,0,Product,0.09482919242445378,0
784,S00784,29,Desktop,1,662,28,2,Home,0.17296196504297376,0
785,S00785,59,Desktop,2,865,29,2,Sign Up,0.12373868248100514,0
786,S00786,38,Mobile,7,222,1,4,Add to Cart,0.05,0
787,S00787,59,Desktop,5,345,17,8,Add to Cart,0.13200464734299094,0
788,S00788,48,Mobile,1,430,13,3,Home,0.1574807259919782,0
789,S00789,43,Desktop,6,886,5,6,Add to Cart,0.05,0
790,S00790,27,Mobile,6,599,27,3,Checkout,0.05,0
791,S00791,25,Mobile,5,142,1,0,Add to Cart,0.18568817062084167,0
792,S00792,22,Mobile,3,357,18,4,Browse,0.2203308686687484,0
793,S00793,56,Mobile,7,57,9,6,Checkout,0.05,0
794,S00794,44,Mobile,5,287,9,2,Add to Cart,0.14361972521213404,0
795,S00795,46,Desktop,4,192,17,7,Product,0.06233668194497796,0
796,S00796,40,Desktop,2,492,13,8,Sign Up,0.08788084629973186,0
797,S00797,39,Desktop,7,631,17,8,Purchase,0.05,0
798,S00798,48,Mobile,3,273,7,6,Browse,0.20540107883164638,0
799,S00799,26,Desktop,3,227,21,1,Browse,0.1239855440117692,0
800,S00800,25,Mobile,4,173,10,0,Sign Up,0.2563510021746673,0
801,S00801,24,Desktop,7,251,3,6,Purchase,0.05,0
802,S00802,43,Desktop,1,103,13,0,Home,0.34743618860021414,1
803,S00803,31,Desktop,6,123,4,6,Checkout,0.07394106818393875,0
804,S00804,27,Mobile,5,298,27,5,Add to Cart,0.05,0
805,S00805,57,Mobile,5,469,8,5,Add to Cart,0.05,1
806,S00806,43,Mobile,7,857,21,4,Checkout,0.05,0
807,S00807,49,Mobile,2,812,20,1,Sign Up,0.12081999370169981,0
808,S00808,45,Mobile,2,336,14,5,Sign Up,0.0898060075365711,0
809,S00809,35,Mobile,7,707,8,6,Purchase,0.05,0
810,S00810,39,Mobile,5,781,3,6,Add to Cart,0.12619071540797255,0
811,S00811,23,Mobile,1,703,28,7,Home,0.05,0
812,S00812,30,Mobile,1,400,28,0,Home,0.08303610767755171,0
813,S00813,20,Tablet,1,758,28,5,Home,0.1157133783000712,0
814,S00814,50,Mobile,5,444,10,4,Product,0.14108326868152493,1
815,S00815,56,Mobile,4,421,1,8,Product,0.05,0
816,S00816,56,Desktop,6,264,3,2,Add to Cart,0.1966008101461144,0
817,S00817,55,Mobile,7,20,3,4,Purchase,0.12333403358387972,0
818,S00818,33,Mobile,5,695,9,9,Add to Cart,0.05,0
819,S00819,30,Desktop,3,638,23,9,Sign Up,0.05,0
820,S00820,27,Mobile,4,658,9,6,Product,0.1714735184091099,0
821,S00821,34,Mobile,6,240,18,3,Add to Cart,0.2629183624235728,0
822,S00822,52,Mobile,3,165,15,4,Sign Up,0.21414401232365524,0
823,S00823,52,Mobile,6,566,28,6,Checkout,0.05,0
824,S00824,18,Tablet,1,522,23,7,Home,0.05,0
825,S00825,20,Mobile,7,20,17,8,Purchase,0.05,0
826,S00826,22,Mobile,4,610,6,0,Product,0.20832306475342222,0
827,S00827,33,Mobile,2,713,9,8,Sign Up,0.05,0
828,S00828,27,Tablet,5,789,4,2,Add to Cart,0.05514181607297208,0
829,S00829,19,Desktop,7,497,11,9,Checkout,0.05,0
830,S00830,47,Desktop,6,278,27,9,Checkout,0.05,0
831,S00831,22,Mobile,3,430,8,3,Browse,0.14063511167035714,0
832,S00832,48,Desktop,6,680,12,1,Product,0.09978838073601513,0
833,S00833,42,Desktop,2,670,29,0,Sign Up,0.05,0
834,S00834,19,Desktop,3,661,25,3,Browse,0.13912662445332405,0
835,S00835,25,Mobile,7,521,10,4,Purchase,0.05,0
836,S00836,35,Mobile,1,240,25,4,Home,0.23129663370909853,1
837,S00837,35,Mobile,6,541,27,6,Checkout,0.05,1
838,S00838,25,Desktop,6,780,19,8,Checkout,0.05,0
839,S00839,22,Mobile,4,826,23,3,Browse,0.05,0
840,S00840,40,Mobile,2,813,2,6,Sign Up,0.12922808720220488,0
841,S00841,32,Mobile,2,112,25,6,Sign Up,0.19640909469409065,0
842,S00842,53,Desktop,1,114,6,9,Home,0.2955860539753375,1
843,S00843,39,Mobile,4,785,29,5,Product,0.07222785650049325,0
844,S00844,43,Tablet,6,364,8,3,Checkout,0.05,0
845,S00845,33,Desktop,2,484,14,5,Sign Up,0.08317729020857738,0
846,S00846,42,Desktop,7,392,21,6,Purchase,0.05,0
847,S00847,26,Desktop,6,536,5,3,Checkout,0.05,0
848,S00848,27,Mobile,1,397,6,7,Home,0.18632150228886304,0
849,S00849,42,Mobile,2,151,8,7,Sign Up,0.29017444893195393,1
850,S00850,33,Desktop,3,245,25,0,Browse,0.16814285781711802,0
851,S00851,48,Desktop,3,368,27,0,Browse,0.05,0
852,S00852,23,Tablet,1,582,11,4,Home,0.19743892156129358,1
853,S00853,36,Mobile,2,843,12,0,Sign Up,0.1347354312988564,0
854,S00854,48,Desktop,1,325,5,1,Home,0.23398691217948336,1
855,S00855,33,Desktop,5,435,24,5,Add to Cart,0.05,0
856,S00856,42,Mobile,2,659,20,6,Sign Up,0.20013248201785816,1
857,S00857,29,Mobile,4,301,16,2,Product,0.1153277318263093,1
858,S00858,52,Mobile,2,758,25,9,Sign Up,0.05,0
859,S00859,23,Mobile,5,602,25,4,Product,0.05448124541270982,1
860,S00860,30,Mobile,7,728,3,4,Purchase,0.08035120340471148,0
861,S00861,53,Mobile,2,835,8,0,Sign Up,0.3062366588517975,1
862,S00862,48,Mobile,4,195,12,2,Product,0.2100630205084422,0
863,S00863,24,Mobile,2,353,11,6,Home,0.19720203365817457,1
864,S00864,48,Mobile,5,372,2,7,Add to Cart,0.14420882431146223,0
865,S00865,29,Tablet,2,544,12,4,Sign Up,0.13247140249365477,0
866,S00866,29,Desktop,5,699,22,1,Add to Cart,0.05,0
867,S00867,22,Mobile,4,681,6,2,Product,0.05,1
868,S00868,35,Tablet,4,874,3,6,Home,0.05,0
869,S00869,42,Desktop,1,385,5,4,Home,0.2560660864791401,0
870,S00870,53,Tablet,7,593,6,4,Purchase,0.05,0
871,S00871,43,Desktop,4,704,27,6,Browse,0.05,0
872,S00872,31,Tablet,4,860,10,0,Product,0.14173563936824488,0
873,S00873,23,Mobile,1,723,24,8,Home,0.17818368192950257,0
874,S00874,58,Desktop,6,602,22,2,Checkout,0.051868601499448774,0
875,S00875,59,Mobile,3,442,8,2,Sign Up,0.26670962580323526,1
876,S00876,45,Desktop,4,211,13,8,Product,0.1070873546402478,0
877,S00877,36,Desktop,1,131,27,3,Home,0.11225565137498536,0
878,S00878,22,Mobile,2,394,13,9,Sign Up,0.2866316843983163,0
879,S00879,23,Mobile,5,549,23,5,Add to Cart,0.05,0
880,S00880,58,Mobile,5,673,28,9,Product,0.05,0
881,S00881,49,Desktop,5,786,22,4,Product,0.05,0
882,S00882,32,Mobile,5,576,9,8,Add to Cart,0.05,0
883,S00883,18,Desktop,7,738,24,0,Checkout,0.05,0
884,S00884,48,Desktop,6,522,14,4,Product,0.05,0
885,S00885,35,Mobile,4,832,8,9,Browse,0.05,0
886,S00886,41,Tablet,5,366,12,4,Browse,0.05,0
887,S00887,57,Desktop,5,496,27,0,Product,0.05,0
888,S00888,33,Tablet,5,654,27,5,Product,0.05,0
889,S00889,28,Desktop,2,58,5,8,Sign Up,0.15243568941010308,0
890,S00890,29,Mobile,5,568,6,6,Add to Cart,0.05,0
891,S00891,57,Tablet,7,776,3,0,Purchase,0.10687534419177547,0
892,S00892,55,Desktop,3,251,7,3,Browse,0.3112028516306995,0
893,S00893,29,Mobile,7,880,13,0,Purchase,0.05,0
894,S00894,24,Mobile,4,216,5,8,Browse,0.142995964613824,0
895,S00895,20,Tablet,6,318,21,1,Browse,0.05,0
896,S00896,58,Mobile,7,278,19,2,Checkout,0.05,0
897,S00897,18,Desktop,2,712,26,6,Sign Up,0.05,0
898,S00898,58,Mobile,2,679,9,6,Sign Up,0.2170871882693433,0
899,S00899,36,Mobile,6,671,26,4,Checkout,0.05,0
900,S00900,43,Mobile,3,265,15,9,Sign Up,0.11936350758618804,0
901,S00901,52,Desktop,3,870,10,9,Browse,0.05,0
902,S00902,51,Mobile,7,20,28,9,Checkout,0.05,0
903,S00903,43,Mobile,5,725,3,2,Add to Cart,0.2375491888239525,1
904,S00904,40,Mobile,3,559,26,9,Browse,0.05,1
905,S00905,33,Mobile,3,175,17,2,Home,0.14995364585613896,0
906,S00906,45,Mobile,6,120,7,1,Product,0.17892144371024907,1
907,S00907,43,Tablet,4,731,20,2,Product,0.09961211937104711,0
908,S00908,30,Desktop,7,105,11,7,Purchase,0.08882208645018057,1
909,S00909,45,Desktop,1,311,17,7,Home,0.11057596899436002,0
910,S00910,29,Desktop,3,140,17,3,Browse,0.23588362435178903,0
911,S00911,44,Desktop,4,859,9,6,Browse,0.05,0
912,S00912,32,Mobile,3,479,25,3,Browse,0.05,0
913,S00913,36,Desktop,5,521,17,5,Product,0.05,0
914,S00914,45,Mobile,4,254,22,4,Product,0.08135980758758883,0
915,S00915,38,Desktop,3,585,22,6,Browse,0.05,0
916,S00916,59,Desktop,4,557,21,2,Sign Up,0.05,0
917,S00917,52,Desktop,5,547,17,5,Product,0.05,0
918,S00918,46,Desktop,6,383,7,1,Checkout,0.10856988598130794,0
919,S00919,33,Mobile,7,174,14,0,Checkout,0.05,0
920,S00920,40,Desktop,2,867,11,5,Sign Up,0.18483013978228174,0
921,S00921,29,Desktop,6,337,18,6,Checkout,0.05,1
922,S00922,19,Mobile,2,536,19,9,Sign Up,0.05,0
923,S00923,38,Mobile,1,361,13,6,Home,0.21066823208108296,0
924,S00924,45,Mobile,6,782,26,9,Checkout,0.05,0
925,S00925,46,Mobile,3,530,13,1,Browse,0.08041088193770084,0
926,S00926,59,Tablet,1,866,16,9,Home,0.05,1
927,S00927,23,Desktop,7,279,24,3,Purchase,0.05,0
928,S00928,21,Desktop,3,579,27,7,Home,0.05,0
929,S00929,57,Mobile,6,765,8,0,Checkout,0.06384885746651353,0
930,S00930,55,Desktop,2,106,14,5,Sign Up,0.17463459180894428,0
931,S00931,29,Mobile,7,245,6,5,Checkout,0.05,0
932,S00932,39,Desktop,5,458,19,5,Product,0.05,0
933,S00933,40,Mobile,7,185,5,3,Checkout,0.1840760593699195,0
934,S00934,42,Desktop,5,156,23,5,Add to Cart,0.1366879473793855,0
935,S00935,46,Mobile,1,511,4,5,Home,0.15829087772469894,0
936,S00936,26,Desktop,2,30,12,2,Sign Up,0.3931792609621423,0
937,S00937,34,Mobile,5,710,29,3,Product,0.09504698587204997,0
938,S00938,51,Desktop,1,524,20,8,Home,0.12736058611511109,0
939,S00939,40,Desktop,6,164,25,2,Checkout,0.05,0
940,S00940,45,Mobile,4,61,27,8,Product,0.05,0
941,S00941,24,Mobile,2,429,22,2,Sign Up,0.3059055841652468,1
942,S00942,34,Desktop,4,541,1,7,Product,0.06963779094414296,0
943,S00943,43,Mobile,4,375,26,1,Browse,0.05,0
944,S00944,40,Mobile,7,630,7,4,Checkout,0.05,0
945,S00945,26,Desktop,1,494,29,4,Home,0.15532398313521778,0
946,S00946,51,Desktop,7,738,1,8,Purchase,0.05,0
947,S00947,22,Desktop,3,552,24,1,Browse,0.18132102204003578,0
948,S00948,39,Mobile,6,370,3,6,Checkout,0.05,0
949,S00949,46,Desktop,7,643,1,7,Purchase,0.05,0
950,S00950,30,Desktop,3,877,24,6,Browse,0.05,0
951,S00951,40,Desktop,2,193,28,0,Sign Up,0.3170940372284592,0
952,S00952,57,Mobile,2,893,5,9,Sign Up,0.06618994295710583,0
953,S00953,20,Mobile,6,892,5,1,Checkout,0.05,0
954,S00954,22,Mobile,4,824,2,8,Product,0.05,0
955,S00955,52,Desktop,1,398,11,7,Home,0.11565151382503133,0
956,S00956,22,Mobile,6,510,17,4,Add to Cart,0.05,1
957,S00957,26,Mobile,6,685,17,7,Checkout,0.05,0
958,S00958,29,Mobile,3,705,1,9,Browse,0.11634657307863963,0
959,S00959,31,Tablet,5,641,18,2,Add to Cart,0.05,0
960,S00960,41,Mobile,6,187,22,9,Checkout,0.05,0
961,S00961,23,Mobile,3,828,25,9,Browse,0.05,0
962,S00962,49,Mobile,5,255,16,1,Add to Cart,0.14830912495280393,0
963,S00963,54,Mobile,1,366,8,6,Home,0.1591310392187983,0
964,S00964,43,Mobile,3,558,25,7,Browse,0.05,0
965,S00965,20,Mobile,1,147,19,4,Home,0.2255078337765541,1
966,S00966,25,Mobile,7,35,23,4,Purchase,0.05,0
967,S00967,54,Desktop,1,67,10,8,Home,0.2861321142041263,0
968,S00968,59,Desktop,2,768,13,1,Sign Up,0.29243458424100305,0
969,S00969,22,Desktop,6,86,16,3,Add to Cart,0.11581193013402002,0
970,S00970,39,Mobile,3,599,5,5,Browse,0.08740373465309295,0
971,S00971,41,Mobile,7,356,8,3,Purchase,0.05,0
972,S00972,57,Mobile,7,131,1,8,Checkout,0.0784417077626273,0
973,S00973,42,Mobile,3,237,16,3,Browse,0.05,0
974,S00974,57,Desktop,1,877,28,4,Home,0.05,0
975,S00975,39,Desktop,1,829,27,6,Home,0.05,0
976,S00976,36,Desktop,2,584,10,6,Sign Up,0.23892699358433672,1
977,S00977,30,Desktop,7,301,12,2,Purchase,0.08526436738920906,0
978,S00978,25,Desktop,5,669,18,6,Product,0.05,0
979,S00979,56,Mobile,3,535,24,6,Browse,0.0808408027092122,0
980,S00980,27,Mobile,6,145,17,4,Add to Cart,0.05,0
981,S00981,24,Mobile,5,288,3,1,Add to Cart,0.35348133440073387,0
982,S00982,47,Mobile,4,590,21,9,Product,0.06598491694741813,0
983,S00983,28,Tablet,5,361,5,3,Product,0.10568607002921154,0
984,S00984,37,Mobile,4,636,26,1,Product,0.05,0
985,S00985,39,Mobile,4,272,28,9,Product,0.07731040016414761,1
986,S00986,18,Mobile,2,151,17,8,Sign Up,0.053503011304796524,0
987,S00987,22,Mobile,7,35,22,4,Purchase,0.05,0
988,S00988,20,Mobile,2,348,13,2,Home,0.2726025075149755,1
989,S00989,24,Mobile,5,315,4,3,Add to Cart,0.10403107713187854,0
990,S00990,56,Mobile,5,782,18,5,Add to Cart,0.05,0
991,S00991,18,Mobile,5,831,11,1,Add to Cart,0.0744272112259036,0
992,S00992,59,Mobile,7,378,27,5,Purchase,0.05,0
993,S00993,46,Desktop,1,390,11,8,Home,0.25554568902865116,1
994,S00994,46,Mobile,7,394,28,1,Checkout,0.08750911940083235,0
995,S00995,44,Desktop,6,401,2,4,Checkout,0.10721848317203349,0
996,S00996,43,Desktop,2,375,8,0,Sign Up,0.42713073187408984,1
997,S00997,28,Mobile,1,703,16,5,Home,0.2495729530352987,0
998,S00998,27,Mobile,6,616,16,5,Add to Cart,0.05,0
999,S00999,21,Mobile,5,93,2,7,Product,0.1245281040827919,0
1000,S01000,51,Mobile,1,408,15,1,Home,0.33001404341763796,1
1001,S01001,56,Desktop,1,64,24,4,Home,0.25210935651738814,0
1002,S01002,56,Mobile,6,450,19,8,Checkout,0.05,1
1003,S01003,57,Mobile,5,341,15,1,Add to Cart,0.10532955640465393,1
1004,S01004,41,Mobile,2,703,23,5,Sign Up,0.05,0
1005,S01005,52,Mobile,7,240,21,4,Purchase,0.057139028942896714,0
1006,S01006,27,Desktop,3,252,24,5,Home,0.13655947894691972,0
1007,S01007,50,Desktop,5,486,19,5,Add to Cart,0.05539633240981021,0
1008,S01008,24,Mobile,7,810,13,0,Purchase,0.05,0
1009,S01009,18,Desktop,1,566,14,2,Home,0.3117866482487997,0
1010,S01010,20,Tablet,4,695,19,0,Browse,0.06407314454545826,0
1011,S01011,28,Tablet,6,105,16,0,Checkout,0.05,0
1012,S01012,23,Mobile,4,346,4,8,Product,0.07841324912391129,0
1013,S01013,22,Mobile,5,397,28,7,Add to Cart,0.05,0
1014,S01014,54,Desktop,2,611,23,4,Sign Up,0.06414456013367006,0
1015,S01015,25,Mobile,4,191,25,4,Product,0.06071465009656928,0
1016,S01016,52,Desktop,3,215,6,2,Browse,0.28145653648014013,1
1017,S01017,26,Mobile,1,671,23,8,Home,0.05,0
1018,S01018,49,Desktop,4,374,8,1,Browse,0.28436639103512984,0
1019,S01019,24,Mobile,6,122,28,4,Checkout,0.09115243294899265,1
1020,S01020,18,Mobile,1,359,13,1,Home,0.383549504533338,1
1021,S01021,26,Mobile,6,335,1,8,Checkout,0.05,0
1022,S01022,52,Desktop,2,160,4,1,Sign Up,0.2847661514083537,1
1023,S01023,31,Mobile,3,659,10,4,Browse,0.05,0
1024,S01024,49,Desktop,5,265,16,2,Add to Cart,0.05,0
1025,S01025,19,Mobile,7,303,1,4,Purchase,0.08695151769124064,0
1026,S01026,59,Desktop,4,335,1,4,Product,0.1984898784782527,0
1027,S01027,24,Tablet,2,776,12,6,Sign Up,0.05,0
1028,S01028,54,Desktop,1,793,20,9,Home,0.05,0
1029,S01029,58,Desktop,5,539,7,7,Add to Cart,0.05,0
1030,S01030,45,Mobile,1,363,2,0,Home,0.28633164902559727,0
1031,S01031,55,Mobile,5,827,19,9,Product,0.05,0
1032,S01032,30,Desktop,1,813,28,8,Home,0.08939467083148159,1
1033,S01033,53,Mobile,6,326,12,4,Checkout,0.05,1
1034,S01034,33,Mobile,3,689,25,9,Sign Up,0.05793162209914242,0
1035,S01035,32,Mobile,5,132,8,0,Add to Cart,0.17262431806268405,1
1036,S01036,40,Mobile,6,492,13,6,Checkout,0.05,0
1037,S01037,37,Mobile,5,87,22,1,Add to Cart,0.05,0
1038,S01038,37,Mobile,2,464,23,4,Sign Up,0.07397788936800417,0
1039,S01039,35,Desktop,6,861,2,7,Checkout,0.05,0
1040,S01040,52,Mobile,6,818,23,2,Checkout,0.05,0
1041,S01041,49,Mobile,7,275,14,6,Purchase,0.05,0
1042,S01042,53,Mobile,6,654,19,8,Checkout,0.05,0
1043,S01043,51,Mobile,3,139,22,7,Sign Up,0.05,1
1044,S01044,25,Desktop,7,309,27,8,Purchase,0.05,0
1045,S01045,50,Tablet,3,126,5,0,Browse,0.3042455271403235,1
1046,S01046,43,Desktop,3,718,14,7,Sign Up,0.05,0
1047,S01047,33,Desktop,3,664,23,4,Sign Up,0.05,0
1048,S01048,36,Mobile,1,677,28,6,Home,0.05,0
1049,S01049,25,Desktop,5,672,16,5,Add to Cart,0.05,0
1050,S01050,56,Mobile,3,282,3,0,Sign Up,0.22151688872083736,0
1051,S01051,41,Mobile,6,713,14,5,Product,0.05,0
1052,S01052,50,Mobile,7,804,17,0,Checkout,0.05,0
1053,S01053,40,Mobile,3,821,1,0,Browse,0.20704302296743496,0
1054,S01054,35,Desktop,3,296,8,1,Browse,0.2108380255271667,0
1055,S01055,30,Mobile,2,481,24,5,Sign Up,0.05,0
1056,S01056,53,Mobile,4,279,25,7,Product,0.05,1
1057,S01057,25,Tablet,4,880,20,1,Product,0.05,0
1058,S01058,41,Desktop,5,783,22,2,Add to Cart,0.05,0
1059,S01059,39,Tablet,7,196,20,0,Purchase,0.12721339611402993,0
1060,S01060,24,Mobile,6,699,2,2,Add to Cart,0.05,0
1061,S01061,53,Mobile,1,380,13,1,Home,0.2743935467483887,0
1062,S01062,38,Tablet,5,520,21,2,Product,0.05,0
1063,S01063,22,Tablet,3,867,7,7,Browse,0.09551179996536233,0
1064,S01064,47,Tablet,7,176,6,4,Purchase,0.12263038635720033,0
1065,S01065,46,Mobile,1,270,18,0,Home,0.28676327223736864,0
1066,S01066,44,Desktop,3,463,13,2,Browse,0.05,1
1067,S01067,24,Mobile,5,831,11,3,Add to Cart,0.05,0
1068,S01068,59,Tablet,1,405,23,7,Home,0.16819578500088822,0
1069,S01069,28,Mobile,1,375,13,6,Home,0.34582711446899805,0
1070,S01070,37,Mobile,7,632,9,9,Checkout,0.05,0
1071,S01071,43,Desktop,1,765,21,0,Home,0.22014173444757554,0
1072,S01072,34,Desktop,1,96,1,8,Home,0.37625498255980044,0
1073,S01073,23,Mobile,6,737,22,6,Checkout,0.05,0
1074,S01074,49,Desktop,7,305,6,9,Checkout,0.05,0
1075,S01075,26,Tablet,1,840,24,7,Home,0.05,0
1076,S01076,50,Mobile,6,840,17,0,Add to Cart,0.20944920078814977,0
1077,S01077,35,Desktop,2,672,24,1,Home,0.0762600632513856,0
1078,S01078,58,Mobile,2,183,17,1,Sign Up,0.11593341893822301,0
1079,S01079,25,Mobile,2,899,4,0,Sign Up,0.15489369747272236,0
1080,S01080,43,Desktop,6,794,24,2,Checkout,0.05,0
1081,S01081,55,Desktop,5,111,1,5,Add to Cart,0.1576617877626565,0
1082,S01082,29,Mobile,3,541,16,5,Browse,0.05,0
1083,S01083,38,Tablet,4,703,23,4,Product,0.05,0
1084,S01084,49,Mobile,6,63,25,7,Checkout,0.05,1
1085,S01085,57,Mobile,7,551,13,0,Purchase,0.05,0
1086,S01086,53,Desktop,5,785,6,3,Product,0.07730053394731708,0
1087,S01087,33,Desktop,3,688,2,5,Browse,0.05,0
1088,S01088,33,Tablet,3,115,6,1,Browse,0.2719093625739716,1
1089,S01089,42,Desktop,1,556,22,1,Home,0.07656465839114113,0
1090,S01090,27,Desktop,2,513,13,5,Sign Up,0.211058291353321,1
1091,S01091,26,Mobile,5,161,5,8,Add to Cart,0.07370066690105574,0
1092,S01092,36,Mobile,6,526,26,0,Checkout,0.05,0
1093,S01093,22,Mobile,3,205,8,9,Browse,0.15924936126968783,0
1094,S01094,44,Mobile,2,704,22,7,Sign Up,0.15310045673773842,0
1095,S01095,21,Mobile,1,508,23,8,Home,0.05,0
1096,S01096,33,Mobile,7,330,25,9,Purchase,0.05,0
1097,S01097,43,Tablet,7,665,27,5,Purchase,0.05,0
1098,S01098,46,Desktop,4,40,17,8,Product,0.09768856194561337,0
1099,S01099,28,Mobile,1,487,9,0,Home,0.3829564814929281,0
1100,S01100,26,Mobile,5,842,14,3,Product,0.05,0
1101,S01101,51,Mobile,7,883,18,3,Purchase,0.05,0
1102,S01102,49,Desktop,6,270,6,1,Checkout,0.19712782016058628,1
1103,S01103,37,Mobile,4,90,8,8,Product,0.07798463277880606,0
1104,S01104,56,Mobile,4,198,5,2,Browse,0.13235866113361205,0
1105,S01105,47,Desktop,2,589,4,7,Sign Up,0.2059776308891646,0
1106,S01106,32,Tablet,3,370,14,5,Browse,0.05,0
1107,S01107,36,Mobile,5,56,11,3,Add to Cart,0.12331321533385313,1
1108,S01108,41,Tablet,7,282,26,0,Purchase,0.05,0
1109,S01109,22,Desktop,4,367,25,8,Product,0.05,0
1110,S01110,33,Mobile,6,869,22,8,Checkout,0.05,0
1111,S01111,24,Mobile,7,711,28,3,Purchase,0.05,0
1112,S01112,24,Mobile,6,28,22,6,Product,0.05,0
1113,S01113,45,Desktop,4,319,7,7,Product,0.1685898507188762,0
1114,S01114,39,Mobile,1,448,18,7,Home,0.07533622293030823,0
1115,S01115,59,Mobile,3,545,16,6,Sign Up,0.06421933978515865,0
1116,S01116,36,Desktop,2,758,17,7,Sign Up,0.05867739957595388,0
1117,S01117,58,Tablet,2,876,26,7,Home,0.05,1
1118,S01118,49,Tablet,2,212,10,3,Sign Up,0.19321323052524142,0
1119,S01119,51,Mobile,3,571,1,0,Browse,0.2742422385206429,0
1120,S01120,42,Desktop,5,670,20,2,Product,0.06742316637874707,0
1121,S01121,46,Desktop,6,319,28,6,Add to Cart,0.05,0
1122,S01122,43,Mobile,6,550,21,4,Add to Cart,0.05,0
1123,S01123,24,Desktop,5,396,6,9,Add to Cart,0.09638765233607689,0
1124,S01124,37,Desktop,2,65,2,2,Sign Up,0.223302692036548,0
1125,S01125,39,Mobile,6,92,20,4,Checkout,0.05,0
1126,S01126,56,Mobile,5,644,22,9,Add to Cart,0.05,0
1127,S01127,48,Mobile,4,355,6,2,Product,0.22783346538140797,0
1128,S01128,25,Desktop,2,535,18,2,Sign Up,0.3055599023767473,1
1129,S01129,33,Desktop,1,471,9,8,Home,0.17894472482381085,0
1130,S01130,26,Desktop,6,665,21,3,Checkout,0.05,0
1131,S01131,33,Desktop,2,773,2,1,Sign Up,0.08757085376896384,0
1132,S01132,49,Mobile,3,297,2,7,Sign Up,0.1367539409474079,0
1133,S01133,45,Desktop,2,518,18,7,Sign Up,0.11121577667302492,0
1134,S01134,29,Desktop,5,872,3,2,Product,0.05,0
1135,S01135,52,Mobile,4,491,3,2,Product,0.2731706029308306,1
1136,S01136,27,Mobile,3,90,25,2,Browse,0.05,0
1137,S01137,21,Desktop,5,316,12,6,Browse,0.05,0
1138,S01138,35,Desktop,4,357,10,6,Product,0.14255397224324085,0
1139,S01139,47,Mobile,4,352,20,0,Product,0.07670874878783696,1
1140,S01140,20,Mobile,3,147,29,6,Browse,0.05,0
1141,S01141,53,Mobile,2,328,14,8,Sign Up,0.05,0
1142,S01142,52,Tablet,3,350,28,8,Sign Up,0.05,0
1143,S01143,18,Mobile,2,573,14,1,Sign Up,0.21922558833874295,0
1144,S01144,28,Desktop,2,709,6,6,Sign Up,0.05,0
1145,S01145,34,Tablet,3,439,26,7,Browse,0.12148719138331791,0
1146,S01146,26,Desktop,4,592,26,7,Product,0.05,0
1147,S01147,23,Desktop,3,27,9,3,Browse,0.3007314646676377,0
1148,S01148,56,Desktop,3,332,28,0,Browse,0.20552897229077602,1
1149,S01149,32,Mobile,7,598,3,1,Purchase,0.06818205795811108,0
1150,S01150,27,Mobile,7,69,23,3,Purchase,0.05,0
1151,S01151,36,Mobile,1,314,19,9,Home,0.20076385434438945,0
1152,S01152,39,Desktop,4,487,12,5,Product,0.13381021250606956,0
1153,S01153,51,Mobile,1,895,5,0,Home,0.20252623927858296,0
1154,S01154,46,Mobile,5,229,16,9,Product,0.05,0
1155,S01155,48,Mobile,4,761,29,5,Browse,0.05,0
1156,S01156,49,Mobile,4,102,2,9,Browse,0.08973916642403942,0
1157,S01157,24,Mobile,3,438,13,7,Browse,0.1592596460283306,0
1158,S01158,45,Desktop,1,892,12,2,Home,0.16887915055205066,0
1159,S01159,41,Desktop,5,721,19,3,Add to Cart,0.05,0
1160,S01160,20,Mobile,2,372,16,9,Sign Up,0.12272656310345709,0
1161,S01161,29,Desktop,5,683,12,8,Add to Cart,0.05,0
1162,S01162,38,Desktop,5,92,1,9,Add to Cart,0.05,0
1163,S01163,23,Desktop,4,424,2,9,Product,0.13574350559858797,1
1164,S01164,49,Mobile,1,191,19,5,Home,0.1545390714530094,0
1165,S01165,58,Mobile,4,318,12,1,Browse,0.23723982486536643,1
1166,S01166,27,Mobile,6,673,17,4,Add to Cart,0.05,0
1167,S01167,59,Desktop,5,370,11,5,Product,0.14488978152479984,0
1168,S01168,41,Tablet,7,689,26,5,Purchase,0.05,0
1169,S01169,53,Desktop,5,709,24,1,Add to Cart,0.05,1
1170,S01170,33,Tablet,4,807,18,1,Product,0.12151795980999136,1
1171,S01171,38,Mobile,6,242,3,0,Add to Cart,0.22445358360374268,1
1172,S01172,40,Mobile,2,622,17,0,Home,0.15261246735203998,0
1173,S01173,20,Mobile,5,286,22,1,Add to Cart,0.1853344104235614,0
1174,S01174,55,Mobile,5,721,14,5,Add to Cart,0.05,1
1175,S01175,47,Desktop,1,526,25,7,Home,0.05,0
1176,S01176,47,Desktop,7,63,27,4,Checkout,0.05,0
1177,S01177,52,Desktop,3,538,18,1,Browse,0.08527958025336946,0
1178,S01178,39,Tablet,2,251,21,1,Home,0.056317023867407445,1
1179,S01179,58,Desktop,7,585,1,1,Product,0.05,0
1180,S01180,48,Mobile,2,302,8,8,Sign Up,0.17884096826002113,0
1181,S01181,32,Mobile,3,100,8,1,Sign Up,0.3335895934682471,1
1182,S01182,34,Desktop,6,697,3,0,Checkout,0.20270140399703218,0
1183,S01183,35,Desktop,3,803,26,9,Browse,0.05,0
1184,S01184,20,Mobile,1,328,29,5,Home,0.213294572587864,0
1185,S01185,59,Mobile,7,710,27,7,Add to Cart,0.05,0
1186,S01186,55,Mobile,1,136,17,9,Home,0.11051219344939908,0
1187,S01187,33,Mobile,2,824,26,3,Sign Up,0.05337188119646402,0
1188,S01188,19,Mobile,1,413,18,5,Home,0.3163830607382019,0
1189,S01189,18,Mobile,4,492,4,1,Product,0.28466400872849834,1
1190,S01190,32,Desktop,7,167,29,7,Purchase,0.05,0
1191,S01191,26,Mobile,4,29,26,3,Product,0.1315178513526629,0
1192,S01192,52,Desktop,5,278,15,4,Add to Cart,0.05,0
1193,S01193,50,Desktop,3,343,29,4,Browse,0.05,0
1194,S01194,18,Mobile,7,338,2,3,Purchase,0.08444315126034778,0
1195,S01195,20,Desktop,1,779,3,1,Home,0.29693598379598996,1
1196,S01196,54,Mobile,6,599,20,1,Checkout,0.05,0
1197,S01197,48,Mobile,7,352,23,9,Purchase,0.05,0
1198,S01198,24,Desktop,5,527,17,3,Product,0.0868257994684319,0
1199,S01199,44,Mobile,5,359,29,9,Add to Cart,0.07899251653756759,1
1200,S01200,50,Mobile,6,339,21,0,Checkout,0.21351755259979627,1
1201,S01201,50,Mobile,3,298,11,6,Browse,0.25372655783096676,0
1202,S01202,56,Desktop,5,440,17,9,Sign Up,0.05,0
1203,S01203,57,Mobile,7,836,17,9,Purchase,0.05,0
1204,S01204,43,Mobile,7,205,15,0,Purchase,0.07820905595901888,0
1205,S01205,26,Desktop,6,643,23,8,Checkout,0.05,0
1206,S01206,23,Desktop,5,61,3,0,Product,0.183337087908926,0
1207,S01207,36,Mobile,3,822,26,8,Browse,0.05,0
1208,S01208,43,Desktop,7,88,3,1,Purchase,0.05,0
1209,S01209,25,Mobile,5,135,4,1,Add to Cart,0.1639423446926107,1
1210,S01210,44,Mobile,3,92,5,2,Sign Up,0.19833282973329264,0
1211,S01211,23,Desktop,2,721,25,2,Sign Up,0.09058133891984038,0
1212,S01212,49,Mobile,1,722,25,3,Home,0.167845460519644,0
1213,S01213,56,Desktop,2,485,1,3,Sign Up,0.11704798077970369,1
1214,S01214,28,Desktop,6,400,29,8,Checkout,0.05,0
1215,S01215,41,Mobile,7,890,10,3,Purchase,0.05,0
1216,S01216,34,Tablet,5,252,15,4,Browse,0.1979288774992873,0
1217,S01217,53,Desktop,3,662,29,0,Browse,0.05,0
1218,S01218,20,Mobile,1,656,2,1,Home,0.261778504670824,1
1219,S01219,26,Desktop,5,812,6,9,Add to Cart,0.05,0
1220,S01220,37,Mobile,7,48,19,3,Purchase,0.05,0
1221,S01221,47,Desktop,4,663,18,7,Product,0.05,0
1222,S01222,30,Mobile,7,469,2,4,Purchase,0.05,0
1223,S01223,44,Desktop,2,660,6,1,Sign Up,0.35763082600831997,0
1224,S01224,36,Desktop,2,135,29,8,Sign Up,0.05,0
1225,S01225,44,Desktop,1,852,6,2,Home,0.3453635190151787,0
1226,S01226,26,Mobile,2,329,15,5,Sign Up,0.13644108819232048,0
1227,S01227,40,Mobile,5,190,19,7,Product,0.05,0
1228,S01228,27,Mobile,4,195,21,9,Product,0.05,0
1229,S01229,45,Desktop,5,683,12,0,Add to Cart,0.12348079403632156,0
1230,S01230,20,Mobile,7,542,10,1,Purchase,0.09680146219259546,0
1231,S01231,46,Desktop,5,503,3,3,Add to Cart,0.21899176466810666,0
1232,S01232,38,Desktop,4,848,16,3,Product,0.057098237115392095,0
1233,S01233,54,Mobile,7,257,7,5,Purchase,0.05,0
1234,S01234,35,Mobile,2,435,17,5,Sign Up,0.07501483075449528,0
1235,S01235,57,Desktop,7,886,6,8,Purchase,0.05,0
1236,S01236,23,Mobile,1,720,1,8,Home,0.09401370289842248,0
1237,S01237,49,Tablet,3,279,24,6,Browse,0.05,0
1238,S01238,57,Mobile,7,767,27,0,Checkout,0.06136854498911429,0
1239,S01239,26,Mobile,1,359,4,0,Home,0.1709607777853087,0
1240,S01240,32,Mobile,1,842,9,0,Home,0.3364443747981362,1
1241,S01241,30,Mobile,4,510,28,6,Product,0.05,0
1242,S01242,36,Desktop,6,395,14,4,Product,0.16046925052756975,1
1243,S01243,29,Mobile,6,889,23,4,Add to Cart,0.05,0
1244,S01244,52,Desktop,7,288,27,4,Add to Cart,0.05,0
1245,S01245,37,Desktop,3,224,14,7,Browse,0.19203889643694322,0
1246,S01246,22,Mobile,5,371,2,4,Add to Cart,0.1656745635839868,0
1247,S01247,48,Mobile,1,584,10,0,Home,0.24985241204823203,0
1248,S01248,21,Desktop,1,895,2,5,Home,0.13979988206348537,1
1249,S01249,37,Mobile,1,495,29,6,Home,0.10151193263468869,0
1250,S01250,38,Mobile,7,473,3,4,Purchase,0.05,0
1251,S01251,24,Mobile,7,49,22,8,Add to Cart,0.05,0
1252,S01252,18,Mobile,7,173,18,8,Checkout,0.05,0
1253,S01253,33,Desktop,5,222,6,2,Add to Cart,0.232952289750334,0
1254,S01254,40,Mobile,2,563,21,6,Sign Up,0.05,0
1255,S01255,20,Desktop,3,503,17,2,Sign Up,0.06545693892134337,0
1256,S01256,27,Desktop,6,842,14,0,Product,0.05,0
1257,S01257,35,Desktop,3,229,24,5,Browse,0.08991477214726439,0
1258,S01258,26,Mobile,4,135,24,1,Browse,0.07828516598152839,0
1259,S01259,34,Mobile,2,555,2,2,Sign Up,0.32911834891357544,0
1260,S01260,26,Desktop,3,253,23,2,Sign Up,0.30564763601351425,1
1261,S01261,27,Desktop,2,242,21,1,Sign Up,0.2793114875298448,0
1262,S01262,18,Mobile,2,276,20,5,Sign Up,0.11618090529131345,0
1263,S01263,24,Desktop,2,832,10,7,Sign Up,0.1850692658346049,0
1264,S01264,28,Mobile,6,244,19,6,Checkout,0.05,0
1265,S01265,51,Desktop,1,541,2,7,Home,0.25099926350754853,1
1266,S01266,59,Tablet,2,589,21,4,Sign Up,0.2145921967484586,0
1267,S01267,25,Mobile,6,644,8,4,Product,0.13370388702169012,0
1268,S01268,27,Mobile,1,150,14,3,Home,0.28076969919909006,0
1269,S01269,33,Mobile,4,825,6,1,Browse,0.10831285470555167,0
1270,S01270,18,Mobile,4,104,22,2,Product,0.13947228086883945,0
1271,S01271,40,Desktop,4,682,5,6,Browse,0.13732451668362455,0
1272,S01272,57,Desktop,5,24,28,4,Add to Cart,0.05,0
1273,S01273,48,Mobile,2,534,19,2,Sign Up,0.07805238752216395,1
1274,S01274,43,Mobile,1,57,15,8,Home,0.2045165434127691,0
1275,S01275,18,Mobile,3,36,16,7,Browse,0.10745995239909117,0
1276,S01276,53,Mobile,1,368,11,3,Home,0.33271825294509827,0
1277,S01277,55,Mobile,2,311,10,6,Home,0.273224182967661,0
1278,S01278,47,Desktop,6,713,14,3,Checkout,0.05,0
1279,S01279,46,Mobile,1,29,18,1,Home,0.3725858516792006,1
1280,S01280,26,Tablet,4,126,6,7,Product,0.2889574379416292,0
1281,S01281,19,Tablet,4,519,22,6,Product,0.05,0
1282,S01282,27,Mobile,5,115,10,9,Add to Cart,0.05,0
1283,S01283,41,Mobile,3,835,15,5,Browse,0.10171460276756289,0
1284,S01284,25,Desktop,7,833,5,4,Purchase,0.05,0
1285,S01285,25,Desktop,4,339,19,6,Product,0.05,0
1286,S01286,56,Desktop,3,50,13,8,Browse,0.16568816882512433,0
1287,S01287,50,Mobile,4,376,9,8,Browse,0.11606028514222481,0
1288,S01288,19,Desktop,2,636,8,9,Sign Up,0.10450857131018593,0
1289,S01289,37,Mobile,4,34,2,7,Product,0.17707895681215366,1
1290,S01290,48,Desktop,4,438,6,0,Product,0.24200685827549356,1
1291,S01291,32,Mobile,1,623,1,0,Home,0.3568357245847985,1
1292,S01292,43,Tablet,1,93,12,8,Home,0.2112436645682649,0
1293,S01293,29,Desktop,1,472,14,1,Home,0.41229380642034563,0
1294,S01294,53,Mobile,3,774,10,4,Sign Up,0.28761065967563354,1
1295,S01295,36,Desktop,4,145,12,1,Product,0.27224624901581457,0
1296,S01296,46,Mobile,1,43,29,5,Home,0.27268864596178405,0
1297,S01297,54,Desktop,7,657,11,7,Purchase,0.05,0
1298,S01298,23,Mobile,4,397,4,6,Browse,0.10405540206067143,0
1299,S01299,29,Mobile,2,551,2,3,Sign Up,0.16782922967795344,0
1300,S01300,32,Desktop,6,150,29,4,Checkout,0.05,0
1301,S01301,24,Desktop,4,106,25,1,Product,0.08168269552520231,0
1302,S01302,32,Desktop,6,421,16,1,Add to Cart,0.05,0
1303,S01303,22,Mobile,4,209,2,1,Product,0.2781093742434314,0
1304,S01304,56,Mobile,5,277,22,6,Product,0.172777395314878,0
1305,S01305,47,Mobile,3,200,7,6,Browse,0.3266898621003478,1
1306,S01306,31,Desktop,5,631,13,1,Product,0.05,0
1307,S01307,22,Desktop,2,238,16,3,Sign Up,0.3094557963610526,1
1308,S01308,37,Desktop,3,152,22,5,Browse,0.19546590252780838,0
1309,S01309,30,Desktop,1,672,24,3,Home,0.09962714044790563,0
1310,S01310,37,Desktop,6,701,11,4,Add to Cart,0.11634622119357482,0
1311,S01311,20,Desktop,6,839,26,5,Checkout,0.05,1
1312,S01312,44,Desktop,2,584,19,4,Home,0.21115636275425673,0
1313,S01313,49,Desktop,3,262,5,7,Browse,0.06834702267496191,0
1314,S01314,48,Mobile,2,101,25,6,Sign Up,0.19775841708947756,0
1315,S01315,50,Mobile,3,505,4,3,Browse,0.3812818622349936,0
1316,S01316,39,Desktop,3,150,24,7,Browse,0.14143573842330254,0
1317,S01317,57,Mobile,4,40,7,7,Product,0.05834668750478575,0
1318,S01318,18,Desktop,5,249,19,7,Product,0.05,0
1319,S01319,27,Desktop,5,235,7,4,Add to Cart,0.05,0
1320,S01320,57,Desktop,4,332,23,7,Product,0.05,0
1321,S01321,42,Mobile,2,770,20,1,Sign Up,0.27088178249327166,0
1322,S01322,46,Tablet,6,720,11,0,Checkout,0.1273470354913363,0
1323,S01323,21,Mobile,4,566,6,7,Browse,0.14385491024060942,0
1324,S01324,23,Mobile,4,809,27,5,Product,0.05,0
1325,S01325,59,Mobile,1,540,2,3,Home,0.18974686806638924,0
1326,S01326,45,Mobile,1,547,11,9,Home,0.16571371660774967,0
1327,S01327,27,Mobile,3,62,18,2,Browse,0.12669754822091078,0
1328,S01328,27,Mobile,5,381,22,0,Product,0.05,0
1329,S01329,58,Mobile,4,259,9,8,Browse,0.05,0
1330,S01330,41,Mobile,7,124,19,1,Purchase,0.05,0
1331,S01331,50,Mobile,1,897,10,7,Home,0.09797092570539216,1
1332,S01332,32,Mobile,7,372,20,2,Checkout,0.05,0
1333,S01333,46,Desktop,5,752,5,4,Product,0.05,0
1334,S01334,34,Desktop,5,41,6,5,Add to Cart,0.09938256399405956,0
1335,S01335,38,Mobile,6,322,21,3,Checkout,0.15418943925914427,0
1336,S01336,23,Desktop,5,794,1,2,Add to Cart,0.05,0
1337,S01337,50,Mobile,5,632,26,7,Product,0.051943368700425,0
1338,S01338,40,Mobile,1,720,5,2,Home,0.23274655277627423,1
1339,S01339,22,Tablet,4,68,6,9,Browse,0.1665181428958682,0
1340,S01340,39,Mobile,6,727,26,6,Checkout,0.05,0
1341,S01341,31,Mobile,3,528,28,9,Browse,0.05,0
1342,S01342,48,Mobile,6,116,27,6,Checkout,0.05,0
1343,S01343,44,Desktop,2,592,24,4,Sign Up,0.22308814509533176,0
1344,S01344,48,Desktop,6,46,9,8,Checkout,0.05,0
1345,S01345,32,Mobile,4,347,2,8,Browse,0.07927162872557396,0
1346,S01346,36,Mobile,1,477,18,6,Home,0.1426230514530307,0
1347,S01347,45,Mobile,4,709,1,2,Product,0.26502996282964714,0
1348,S01348,25,Desktop,1,387,12,8,Home,0.32241089169621195,0
1349,S01349,27,Desktop,2,502,27,2,Sign Up,0.14267253312699318,0
1350,S01350,22,Mobile,2,81,23,3,Sign Up,0.22948127710747712,1
1351,S01351,44,Mobile,1,108,14,6,Home,0.06888756607816765,0
1352,S01352,39,Mobile,5,457,12,9,Add to Cart,0.05,0
1353,S01353,32,Mobile,3,328,2,7,Browse,0.19366065772113072,0
1354,S01354,24,Desktop,1,317,23,3,Home,0.2864866624245568,0
1355,S01355,32,Mobile,5,165,20,1,Add to Cart,0.11185124400887392,0
1356,S01356,31,Mobile,5,192,6,5,Add to Cart,0.05,0
1357,S01357,37,Mobile,3,507,25,5,Browse,0.05,0
1358,S01358,31,Mobile,6,33,3,0,Checkout,0.13276787006311477,1
1359,S01359,56,Desktop,3,135,20,9,Browse,0.08606265224040276,0
1360,S01360,25,Desktop,5,598,4,4,Product,0.09364192841266317,0
1361,S01361,54,Desktop,2,677,11,6,Sign Up,0.11596127813069071,1
1362,S01362,51,Mobile,7,605,21,0,Checkout,0.05,0
1363,S01363,50,Mobile,3,284,8,7,Browse,0.1614990340233085,0
1364,S01364,43,Tablet,3,598,22,5,Browse,0.05,0
1365,S01365,56,Mobile,5,835,26,3,Add to Cart,0.05,0
1366,S01366,38,Mobile,1,260,24,9,Home,0.05584450706679622,0
1367,S01367,53,Mobile,7,53,2,9,Purchase,0.08734873384025521,0
1368,S01368,46,Desktop,6,426,28,3,Add to Cart,0.05,0
1369,S01369,41,Mobile,5,599,18,1,Add to Cart,0.05,0
1370,S01370,27,Mobile,1,161,4,9,Home,0.21076534654410065,0
1371,S01371,52,Tablet,7,374,2,8,Purchase,0.05,0
1372,S01372,51,Mobile,7,244,22,3,Checkout,0.06151981773218036,0
1373,S01373,44,Mobile,6,501,26,8,Add to Cart,0.05,0
1374,S01374,44,Mobile,6,71,15,3,Checkout,0.06906466244228891,0
1375,S01375,43,Tablet,2,623,10,1,Sign Up,0.051378595740755956,0
1376,S01376,46,Desktop,5,182,19,6,Browse,0.05,0
1377,S01377,43,Tablet,5,240,22,5,Add to Cart,0.05,0
1378,S01378,23,Mobile,4,546,2,0,Sign Up,0.08426482875651022,0
1379,S01379,55,Mobile,7,237,15,6,Add to Cart,0.05,0
1380,S01380,51,Mobile,1,537,2,0,Home,0.40194879240592013,0
1381,S01381,38,Tablet,2,773,10,8,Sign Up,0.05,0
1382,S01382,29,Mobile,4,153,21,1,Browse,0.05,0
1383,S01383,41,Mobile,5,759,18,0,Add to Cart,0.11940230434066752,0
1384,S01384,33,Desktop,3,410,20,7,Browse,0.1584132472414087,0
1385,S01385,55,Desktop,7,751,23,5,Add to Cart,0.05,0
1386,S01386,46,Mobile,6,817,28,1,Add to Cart,0.05,0
1387,S01387,53,Mobile,6,816,6,4,Checkout,0.05,0
1388,S01388,39,Mobile,3,763,3,6,Browse,0.18752684628648786,0
1389,S01389,33,Mobile,2,844,25,7,Sign Up,0.05,0
1390,S01390,21,Mobile,2,240,11,3,Home,0.2691070749405152,0
1391,S01391,38,Mobile,4,84,26,7,Product,0.11426648929430731,0
1392,S01392,28,Desktop,5,247,10,2,Add to Cart,0.2239048565243676,0
1393,S01393,24,Desktop,2,420,1,9,Sign Up,0.08169837028903187,0
1394,S01394,57,Mobile,4,379,3,2,Product,0.12260677715388647,0
1395,S01395,19,Mobile,3,840,20,0,Browse,0.07300069480756528,0
1396,S01396,54,Mobile,2,21,20,3,Sign Up,0.2788503553673729,0
1397,S01397,55,Mobile,5,752,26,3,Product,0.05,0
1398,S01398,44,Desktop,2,37,10,9,Sign Up,0.21778918712461037,0
1399,S01399,30,Desktop,2,494,21,1,Home,0.0848403243152056,0
1400,S01400,29,Mobile,2,420,18,7,Home,0.054544099159539054,1
1401,S01401,32,Mobile,4,407,4,6,Product,0.1472887787623367,0
1402,S01402,38,Desktop,4,472,1,0,Product,0.23337877381131594,0
1403,S01403,22,Desktop,3,520,15,4,Browse,0.14005200332322038,0
1404,S01404,19,Mobile,6,460,10,5,Add to Cart,0.05,0
1405,S01405,57,Desktop,6,721,9,2,Checkout,0.11857901848708768,0
1406,S01406,43,Mobile,7,47,28,6,Purchase,0.05,0
1407,S01407,25,Tablet,5,886,15,4,Add to Cart,0.05,0
1408,S01408,30,Tablet,1,122,10,7,Home,0.11441269629925717,0
1409,S01409,42,Desktop,2,537,2,2,Sign Up,0.2678442622736628,1
1410,S01410,47,Mobile,6,422,22,2,Checkout,0.09103825404505614,1
1411,S01411,29,Desktop,5,147,3,1,Add to Cart,0.35364948139196084,0
1412,S01412,56,Desktop,2,55,19,3,Sign Up,0.2724208507010878,1
1413,S01413,48,Mobile,3,828,26,3,Browse,0.11901536368595031,0
1414,S01414,36,Mobile,3,351,13,8,Browse,0.10657638397643479,0
1415,S01415,56,Mobile,1,421,11,4,Home,0.190995284944348,0
1416,S01416,33,Mobile,1,716,26,3,Home,0.19733795393473097,0
1417,S01417,40,Tablet,6,470,2,7,Add to Cart,0.05,0
1418,S01418,45,Mobile,4,872,14,5,Product,0.05,0
1419,S01419,24,Mobile,4,185,11,9,Product,0.17582639276897555,0
1420,S01420,57,Mobile,4,377,16,3,Sign Up,0.2106923353585703,0
1421,S01421,35,Mobile,4,309,9,8,Product,0.1037664549416499,0
1422,S01422,46,Mobile,3,880,6,0,Browse,0.11395268583146381,0
1423,S01423,50,Mobile,7,296,3,1,Purchase,0.1988467828824802,0
1424,S01424,38,Mobile,6,442,9,0,Checkout,0.10928525475445157,0
1425,S01425,41,Mobile,4,667,22,8,Product,0.05,0
1426,S01426,27,Mobile,5,152,11,5,Add to Cart,0.13187619533595848,0
1427,S01427,33,Mobile,1,97,24,4,Home,0.24664564795067498,0
1428,S01428,46,Mobile,7,302,11,6,Purchase,0.05,0
1429,S01429,54,Desktop,6,218,7,8,Checkout,0.05,0
1430,S01430,28,Desktop,2,678,7,1,Sign Up,0.2968533730615113,1
1431,S01431,41,Tablet,7,603,26,8,Purchase,0.05,0
1432,S01432,32,Tablet,5,495,1,5,Product,0.1814326651778136,0
1433,S01433,57,Tablet,3,257,15,3,Browse,0.11339530389934221,0
1434,S01434,35,Desktop,2,708,21,5,Sign Up,0.05,0
1435,S01435,49,Tablet,6,657,14,8,Checkout,0.05,0
1436,S01436,51,Desktop,7,440,13,0,Checkout,0.06691470618808912,0
1437,S01437,51,Mobile,3,249,1,1,Browse,0.3797818940126033,0
1438,S01438,58,Mobile,1,779,10,5,Home,0.166452962006663,0
1439,S01439,57,Desktop,5,154,13,0,Add to Cart,0.15068550451113139,0
1440,S01440,34,Desktop,3,253,24,5,Browse,0.14900220126579705,0
1441,S01441,40,Desktop,3,872,27,0,Browse,0.16946574720129784,0
1442,S01442,45,Mobile,4,393,14,1,Browse,0.19778951483349158,0
1443,S01443,32,Desktop,1,781,14,4,Home,0.24703703520371348,0
1444,S01444,20,Mobile,3,881,9,5,Sign Up,0.05,0
1445,S01445,35,Mobile,6,28,4,4,Product,0.05,0
1446,S01446,58,Tablet,1,468,10,6,Home,0.14106080418466868,0
1447,S01447,42,Desktop,1,22,28,2,Home,0.2330040135398988,1
1448,S01448,24,Mobile,2,443,21,2,Home,0.183120326904978,1
1449,S01449,40,Mobile,1,232,23,8,Home,0.1456902559946205,0
1450,S01450,22,Mobile,2,139,27,6,Sign Up,0.2091253046101753,0
1451,S01451,29,Mobile,5,105,8,0,Browse,0.17453528703545804,0
1452,S01452,52,Mobile,4,537,28,6,Browse,0.05,0
1453,S01453,26,Mobile,6,801,26,0,Add to Cart,0.05,0
1454,S01454,58,Mobile,3,581,5,7,Browse,0.05,0
1455,S01455,19,Mobile,3,443,2,2,Browse,0.2285118542365381,0
1456,S01456,34,Desktop,5,72,16,5,Add to Cart,0.05,0
1457,S01457,48,Mobile,4,690,6,9,Product,0.08153968006211823,0
1458,S01458,42,Mobile,1,101,13,4,Home,0.23923182085353822,0
1459,S01459,28,Mobile,6,216,18,6,Checkout,0.05,0
1460,S01460,59,Mobile,3,52,20,8,Browse,0.05,0
1461,S01461,27,Tablet,3,793,27,4,Browse,0.1401650212711431,0
1462,S01462,58,Desktop,2,745,15,0,Home,0.20440843208585083,0
1463,S01463,48,Mobile,5,835,8,1,Product,0.13924217930097765,1
1464,S01464,55,Mobile,4,520,3,3,Product,0.2997340290035996,0
1465,S01465,20,Desktop,7,315,26,0,Purchase,0.05,0
1466,S01466,59,Mobile,7,353,11,6,Purchase,0.05,0
1467,S01467,43,Mobile,7,449,17,2,Product,0.13107320018746027,0
1468,S01468,59,Mobile,1,684,10,9,Home,0.05,0
1469,S01469,26,Mobile,7,535,13,5,Purchase,0.05,0
1470,S01470,32,Mobile,1,36,24,1,Home,0.3056255061424579,0
1471,S01471,36,Mobile,5,206,18,7,Add to Cart,0.07771878724734077,0
1472,S01472,41,Mobile,7,519,9,2,Purchase,0.05,0
1473,S01473,55,Desktop,4,896,17,0,Product,0.05,0
1474,S01474,28,Desktop,1,796,28,1,Home,0.10541971903180566,0
1475,S01475,19,Mobile,2,662,4,5,Home,0.24917346436576504,1
1476,S01476,38,Desktop,4,168,4,7,Product,0.05,0
1477,S01477,28,Tablet,2,52,11,2,Sign Up,0.3872043592931767,0
1478,S01478,43,Mobile,7,768,4,5,Checkout,0.05,0
1479,S01479,33,Mobile,4,502,6,3,Product,0.32121932893275634,0
1480,S01480,32,Mobile,1,818,19,8,Home,0.08737628771434268,0
1481,S01481,26,Desktop,2,92,19,2,Sign Up,0.3308747908621541,0
1482,S01482,38,Desktop,1,677,17,1,Home,0.29100541575752903,0
1483,S01483,27,Mobile,5,75,23,3,Product,0.08403149994745573,0
1484,S01484,24,Mobile,4,535,11,7,Product,0.05,0
1485,S01485,52,Mobile,4,896,20,0,Product,0.20126551042720794,1
1486,S01486,29,Mobile,6,628,14,7,Checkout,0.05,0
1487,S01487,21,Mobile,3,656,13,8,Browse,0.051410884457300625,0
1488,S01488,20,Mobile,1,862,29,7,Home,0.10817531266780762,0
1489,S01489,52,Desktop,7,716,19,2,Purchase,0.05,0
1490,S01490,59,Tablet,2,206,8,5,Sign Up,0.11714189549091301,0
1491,S01491,32,Tablet,6,783,9,2,Checkout,0.09277992295326298,0
1492,S01492,46,Desktop,3,386,8,3,Browse,0.17273315807144682,0
1493,S01493,42,Mobile,7,259,11,9,Purchase,0.05,0
1494,S01494,29,Mobile,1,263,23,7,Home,0.05,0
1495,S01495,34,Desktop,3,826,1,8,Browse,0.05,0
1496,S01496,24,Desktop,7,630,23,5,Purchase,0.05,0
1497,S01497,44,Mobile,1,361,18,1,Home,0.42167568991807663,1
1498,S01498,25,Desktop,7,756,12,8,Checkout,0.05,1
1499,S01499,43,Mobile,5,656,20,4,Add to Cart,0.05,0
1500,S01500,48,Mobile,2,104,12,6,Sign Up,0.10600935077707675,0
1501,S01501,20,Tablet,7,569,1,3,Purchase,0.05,0
1502,S01502,53,Desktop,2,90,15,5,Home,0.116126603255157,1
1503,S01503,18,Mobile,2,799,12,4,Home,0.17267768217881824,0
1504,S01504,49,Desktop,7,655,21,6,Checkout,0.06880896869795677,0
1505,S01505,28,Mobile,5,220,6,0,Add to Cart,0.244839892643074,0
1506,S01506,47,Mobile,6,827,19,3,Checkout,0.05,0
1507,S01507,30,Tablet,7,599,29,0,Add to Cart,0.05,0
1508,S01508,29,Mobile,5,810,21,4,Add to Cart,0.05,0
1509,S01509,26,Mobile,7,352,10,9,Checkout,0.05,0
1510,S01510,48,Mobile,3,684,4,1,Browse,0.24433181768563364,0
1511,S01511,59,Mobile,5,342,16,9,Add to Cart,0.05,0
1512,S01512,48,Mobile,4,85,5,8,Product,0.05,0
1513,S01513,26,Mobile,5,229,27,4,Product,0.07893999714929764,1
1514,S01514,23,Mobile,3,181,13,1,Sign Up,0.31392440932493104,0
1515,S01515,38,Mobile,2,755,18,3,Sign Up,0.07652699795088111,0
1516,S01516,38,Desktop,6,507,2,2,Checkout,0.11884638499558935,0
1517,S01517,24,Mobile,5,818,1,2,Add to Cart,0.1645224854880923,0
1518,S01518,19,Desktop,4,756,11,2,Browse,0.05422003423206216,0
1519,S01519,28,Mobile,1,200,13,5,Home,0.45044986241765206,0
1520,S01520,28,Mobile,4,360,7,0,Product,0.23926087109820243,1
1521,S01521,51,Mobile,5,817,9,4,Add to Cart,0.05,0
1522,S01522,23,Mobile,3,23,1,1,Browse,0.1407364839748799,0
1523,S01523,40,Desktop,1,171,21,7,Home,0.17018913753463644,0
1524,S01524,47,Mobile,2,415,3,6,Sign Up,0.1452761408252125,0
1525,S01525,18,Mobile,4,643,4,5,Browse,0.07127568916518759,0
1526,S01526,35,Mobile,6,158,7,1,Checkout,0.10933481394563394,0
1527,S01527,21,Desktop,2,394,28,2,Sign Up,0.1141725779726305,0
1528,S01528,41,Tablet,3,244,20,8,Browse,0.053396240653507204,0
1529,S01529,40,Desktop,7,538,24,7,Checkout,0.05,0
1530,S01530,46,Mobile,4,774,29,1,Product,0.06570467315148973,0
1531,S01531,58,Desktop,4,738,23,7,Browse,0.05,0
1532,S01532,31,Desktop,5,461,2,2,Add to Cart,0.05,0
1533,S01533,33,Mobile,5,435,16,8,Add to Cart,0.07883087881581655,0
1534,S01534,43,Mobile,3,63,20,6,Browse,0.2213314891893412,1
1535,S01535,33,Tablet,3,562,2,1,Browse,0.1646967283946847,0
1536,S01536,19,Desktop,1,314,23,9,Home,0.12982543199493393,1
1537,S01537,59,Desktop,2,161,14,6,Sign Up,0.1962005946406472,0
1538,S01538,56,Desktop,3,81,7,2,Browse,0.22624843161337493,0
1539,S01539,53,Mobile,2,577,8,9,Sign Up,0.05,0
1540,S01540,18,Mobile,6,551,17,9,Checkout,0.05,0
1541,S01541,41,Mobile,1,51,11,1,Home,0.2961104272579768,0
1542,S01542,51,Mobile,5,347,29,3,Add to Cart,0.11238966931002423,0
1543,S01543,49,Tablet,1,469,25,6,Home,0.20409691061861437,0
1544,S01544,35,Mobile,2,196,9,4,Sign Up,0.1857045909471921,0
1545,S01545,25,Tablet,6,458,19,7,Add to Cart,0.05,0
1546,S01546,43,Desktop,7,352,15,0,Purchase,0.05,0
1547,S01547,19,Mobile,7,632,14,8,Add to Cart,0.05,0
1548,S01548,54,Desktop,3,533,1,5,Browse,0.16486028471573108,0
1549,S01549,26,Mobile,7,839,23,6,Purchase,0.05,0
1550,S01550,39,Tablet,4,137,14,2,Product,0.2081802336031384,0
1551,S01551,57,Mobile,3,175,4,8,Browse,0.1052552607268768,0
1552,S01552,43,Desktop,1,600,17,0,Home,0.11347157670059492,0
1553,S01553,24,Mobile,5,497,11,9,Add to Cart,0.05,0
1554,S01554,50,Desktop,5,35,5,2,Add to Cart,0.24844126287622254,0
1555,S01555,58,Desktop,3,201,5,0,Browse,0.24704682182780924,0
1556,S01556,46,Mobile,3,767,16,1,Browse,0.15505187266040404,0
1557,S01557,40,Mobile,5,301,25,6,Add to Cart,0.05,0
1558,S01558,26,Tablet,2,866,26,6,Home,0.06266179458182289,0
1559,S01559,49,Desktop,5,459,28,0,Add to Cart,0.10293416440552283,0
1560,S01560,46,Mobile,1,574,23,7,Home,0.11660607193677208,1
1561,S01561,51,Mobile,4,177,21,3,Product,0.09528360495070268,0
1562,S01562,50,Desktop,4,336,25,7,Browse,0.053721492527889506,0
1563,S01563,21,Mobile,6,221,22,5,Checkout,0.05,0
1564,S01564,32,Tablet,7,163,22,3,Purchase,0.1004201113503466,0
1565,S01565,40,Desktop,5,409,24,4,Product,0.05,0
1566,S01566,57,Mobile,5,281,23,2,Add to Cart,0.13250419799793448,0
1567,S01567,46,Desktop,6,749,28,1,Product,0.08439739388468961,0
1568,S01568,21,Desktop,4,348,11,4,Product,0.05,0
1569,S01569,45,Mobile,6,20,6,4,Add to Cart,0.2514612570710552,0
1570,S01570,53,Mobile,7,97,3,2,Checkout,0.11027030385943029,1
1571,S01571,50,Desktop,1,94,17,6,Home,0.24350833429736954,0
1572,S01572,48,Mobile,2,793,20,7,Sign Up,0.09230295250288342,0
1573,S01573,21,Mobile,3,856,9,4,Sign Up,0.11191649089199482,0
1574,S01574,25,Mobile,7,180,9,2,Purchase,0.1268124185591401,0
1575,S01575,18,Desktop,3,394,6,6,Browse,0.2383596282952051,1
1576,S01576,18,Mobile,7,619,5,4,Checkout,0.05,0
1577,S01577,45,Mobile,4,867,14,6,Browse,0.05,0
1578,S01578,37,Mobile,4,529,18,3,Product,0.1541497224051545,0
1579,S01579,40,Desktop,6,813,21,7,Add to Cart,0.05,0
1580,S01580,43,Desktop,2,406,29,1,Home,0.14484300509816136,0
1581,S01581,23,Mobile,6,740,3,1,Add to Cart,0.1801834063809462,1
1582,S01582,21,Mobile,6,787,17,3,Add to Cart,0.11808785363228932,0
1583,S01583,31,Tablet,3,125,7,5,Browse,0.2645896219206978,0
1584,S01584,34,Tablet,3,411,24,0,Browse,0.10259777201520612,0
1585,S01585,48,Mobile,1,866,10,0,Home,0.3401959153963957,0
1586,S01586,31,Mobile,1,714,29,4,Home,0.05,0
1587,S01587,48,Mobile,6,96,16,1,Checkout,0.05,0
1588,S01588,21,Desktop,7,659,7,9,Add to Cart,0.05,0
1589,S01589,36,Mobile,2,764,17,1,Home,0.19159496309527543,0
1590,S01590,20,Tablet,6,143,11,5,Checkout,0.05,0
1591,S01591,25,Desktop,4,453,7,3,Product,0.14823909842272776,0
1592,S01592,43,Mobile,2,50,4,9,Sign Up,0.278641073980718,0
1593,S01593,26,Tablet,7,621,24,3,Purchase,0.05,0
1594,S01594,52,Mobile,1,89,15,4,Home,0.3286911243629049,0
1595,S01595,51,Desktop,1,482,15,6,Home,0.21384236261347864,0
1596,S01596,34,Mobile,4,35,3,5,Product,0.15324062656375836,0
1597,S01597,51,Desktop,3,453,9,9,Browse,0.10357140222172329,0
1598,S01598,42,Mobile,6,801,22,2,Add to Cart,0.05,0
1599,S01599,34,Mobile,7,247,23,8,Purchase,0.05,0
1600,S01600,40,Tablet,1,296,22,5,Home,0.2660949882927126,0
1601,S01601,27,Mobile,4,823,29,3,Product,0.05,0
1602,S01602,18,Desktop,4,259,2,9,Product,0.12886423100837774,0
1603,S01603,59,Mobile,1,855,19,8,Home,0.12750003995115622,0
1604,S01604,24,Desktop,2,644,4,2,Sign Up,0.16039588248294223,0
1605,S01605,24,Mobile,4,700,18,1,Product,0.05,0
1606,S01606,33,Mobile,7,368,12,6,Purchase,0.05,0
1607,S01607,25,Tablet,3,85,15,0,Browse,0.2744353149129262,0
1608,S01608,55,Desktop,7,170,10,8,Purchase,0.05,1
1609,S01609,51,Desktop,5,257,19,8,Product,0.05,0
1610,S01610,36,Desktop,3,695,4,8,Browse,0.1676884187141775,0
1611,S01611,26,Tablet,3,836,27,5,Browse,0.05,0
1612,S01612,27,Desktop,4,288,27,9,Product,0.05,0
1613,S01613,50,Mobile,6,349,7,6,Checkout,0.05,1
1614,S01614,32,Mobile,3,278,23,3,Sign Up,0.10165683150022983,0
1615,S01615,55,Desktop,2,561,13,6,Sign Up,0.29154352065913336,1
1616,S01616,53,Tablet,6,612,17,2,Checkout,0.09721795644542668,0
1617,S01617,33,Mobile,4,193,14,5,Product,0.05,0
1618,S01618,19,Mobile,2,187,17,9,Sign Up,0.09556613943633277,0
1619,S01619,35,Desktop,1,754,10,3,Home,0.2822219177869152,0
1620,S01620,40,Desktop,5,163,26,6,Add to Cart,0.06620992273695704,0
1621,S01621,55,Desktop,2,457,17,1,Sign Up,0.11040717531283041,0
1622,S01622,29,Desktop,1,268,23,8,Home,0.05,0
1623,S01623,25,Desktop,1,719,24,1,Home,0.2710167591820334,0
1624,S01624,26,Mobile,4,593,23,7,Product,0.05,0
1625,S01625,48,Tablet,1,422,3,9,Home,0.30956611342695817,1
1626,S01626,40,Mobile,1,137,24,7,Home,0.061097200032991614,0
1627,S01627,42,Desktop,4,132,6,7,Product,0.1103644815565071,0
1628,S01628,34,Mobile,4,133,15,2,Product,0.17682538999668154,0
1629,S01629,37,Mobile,2,467,22,3,Sign Up,0.2252290533619461,0
1630,S01630,37,Desktop,3,404,29,8,Browse,0.05,1
1631,S01631,57,Mobile,7,416,1,2,Purchase,0.05,0
1632,S01632,51,Desktop,6,460,22,9,Checkout,0.05,0
1633,S01633,54,Mobile,5,181,24,0,Add to Cart,0.1305740821673852,0
1634,S01634,59,Desktop,6,746,4,0,Checkout,0.06139127603578994,0
1635,S01635,58,Mobile,3,876,1,1,Browse,0.19676504425153202,0
1636,S01636,30,Mobile,2,843,8,7,Home,0.09237226307212595,0
1637,S01637,56,Tablet,7,76,18,5,Purchase,0.05,0
1638,S01638,52,Desktop,5,131,20,9,Add to Cart,0.05,0
1639,S01639,54,Mobile,5,289,28,3,Add to Cart,0.05990848608891836,0
1640,S01640,56,Desktop,6,230,21,8,Checkout,0.05,0
1641,S01641,22,Tablet,4,880,1,7,Product,0.1678467489364565,0
1642,S01642,47,Mobile,1,541,7,9,Home,0.08425024109368337,0
1643,S01643,26,Mobile,1,412,9,4,Home,0.19655108183308465,0
1644,S01644,19,Desktop,3,434,11,5,Browse,0.2098402610824341,0
1645,S01645,20,Mobile,1,203,3,5,Home,0.33258807758611914,0
1646,S01646,23,Mobile,3,835,24,1,Browse,0.05,0
1647,S01647,51,Mobile,2,274,16,5,Sign Up,0.16618922374658476,0
1648,S01648,26,Mobile,4,321,4,7,Product,0.05,0
1649,S01649,27,Desktop,2,113,19,8,Sign Up,0.22960419677152993,0
1650,S01650,37,Desktop,7,321,8,3,Checkout,0.05,0
1651,S01651,48,Tablet,7,81,14,9,Purchase,0.05,0
1652,S01652,33,Desktop,1,411,3,2,Home,0.2727185242580283,0
1653,S01653,20,Tablet,4,183,11,2,Product,0.20437890277395068,0
1654,S01654,23,Mobile,3,543,14,4,Browse,0.18039658978834203,0
1655,S01655,32,Mobile,1,658,24,6,Home,0.15415790595671905,0
1656,S01656,39,Tablet,5,69,16,1,Add to Cart,0.16337490487154507,0
1657,S01657,33,Mobile,1,106,8,1,Home,0.2269385203481699,0
1658,S01658,49,Mobile,3,533,19,0,Browse,0.13956180831940806,0
1659,S01659,39,Mobile,3,757,23,8,Browse,0.05,0
1660,S01660,29,Mobile,6,466,18,5,Checkout,0.07642674260261699,0
1661,S01661,40,Mobile,3,439,22,7,Browse,0.06224374097837761,0
1662,S01662,18,Mobile,7,568,3,0,Checkout,0.05,0
1663,S01663,58,Desktop,6,766,10,0,Add to Cart,0.05,0
1664,S01664,54,Mobile,5,319,19,8,Product,0.05,0
1665,S01665,55,Tablet,2,186,5,9,Home,0.08323772666956027,0
1666,S01666,29,Tablet,4,301,8,8,Product,0.07263791990704198,0
1667,S01667,18,Mobile,5,289,17,1,Product,0.20050832730347984,0
1668,S01668,41,Mobile,7,207,24,8,Checkout,0.05,0
1669,S01669,35,Mobile,4,308,18,3,Product,0.05,1
1670,S01670,40,Desktop,5,375,1,5,Add to Cart,0.18311469402972658,1
1671,S01671,54,Mobile,1,285,3,6,Home,0.2578311803822659,1
1672,S01672,34,Mobile,1,101,9,4,Home,0.1416078774019585,0
1673,S01673,58,Desktop,4,35,21,2,Product,0.2104710376465752,0
1674,S01674,56,Mobile,4,840,27,0,Browse,0.05,0
1675,S01675,21,Mobile,4,492,26,1,Product,0.12597260328024382,0
1676,S01676,44,Desktop,6,117,16,3,Add to Cart,0.05,0
1677,S01677,39,Mobile,1,825,17,4,Home,0.17604183449195127,0
1678,S01678,24,Mobile,6,417,16,2,Add to Cart,0.16440166748706553,0
1679,S01679,18,Desktop,5,858,3,3,Product,0.05,0
1680,S01680,47,Mobile,6,108,26,6,Checkout,0.05,0
1681,S01681,55,Mobile,2,123,24,5,Sign Up,0.30850070087743564,0
1682,S01682,20,Mobile,6,821,15,6,Checkout,0.05,0
1683,S01683,45,Mobile,3,892,29,3,Browse,0.058268014400981796,0
1684,S01684,37,Desktop,2,461,6,8,Sign Up,0.16803403005737114,0
1685,S01685,18,Desktop,5,400,28,8,Add to Cart,0.0730152584846471,0
1686,S01686,51,Mobile,7,735,22,2,Checkout,0.05,0
1687,S01687,55,Mobile,5,829,4,8,Add to Cart,0.05,0
1688,S01688,23,Desktop,4,573,15,7,Product,0.05,0
1689,S01689,44,Mobile,4,163,7,7,Product,0.21699748392166932,0
1690,S01690,25,Desktop,2,74,3,3,Sign Up,0.28038547270024045,0
1691,S01691,37,Desktop,4,896,21,0,Product,0.05,0
1692,S01692,21,Desktop,1,73,1,9,Home,0.3193711257115591,0
1693,S01693,27,Desktop,1,427,13,9,Home,0.13686345054153692,0
1694,S01694,56,Mobile,1,545,3,1,Home,0.18245949332295283,0
1695,S01695,49,Mobile,7,411,6,9,Purchase,0.05,0
1696,S01696,44,Mobile,6,618,10,7,Product,0.05,0
1697,S01697,28,Mobile,3,265,26,9,Sign Up,0.1008081705758802,0
1698,S01698,26,Desktop,7,643,4,9,Purchase,0.05,0
1699,S01699,20,Mobile,2,322,9,9,Sign Up,0.28705566601646937,1
1700,S01700,18,Mobile,3,656,7,1,Browse,0.20744332990299041,0
1701,S01701,43,Desktop,2,54,20,8,Sign Up,0.05,0
1702,S01702,25,Mobile,7,362,4,3,Checkout,0.07336573758354253,0
1703,S01703,30,Tablet,2,749,19,9,Home,0.05,1
1704,S01704,55,Mobile,6,220,20,9,Add to Cart,0.05,0
1705,S01705,54,Mobile,6,425,20,0,Checkout,0.05,0
1706,S01706,24,Desktop,3,860,19,2,Browse,0.1836953112125461,0
1707,S01707,34,Desktop,2,617,3,4,Home,0.21048904371411356,0
1708,S01708,49,Tablet,5,338,6,5,Product,0.10358709346494112,0
1709,S01709,57,Tablet,3,488,23,4,Browse,0.13431384144622227,0
1710,S01710,51,Mobile,5,883,28,0,Add to Cart,0.05227730837150393,0
1711,S01711,47,Desktop,4,186,23,8,Product,0.05,0
1712,S01712,40,Desktop,6,870,17,4,Checkout,0.05,0
1713,S01713,53,Mobile,2,240,23,5,Sign Up,0.249858155821993,0
1714,S01714,58,Desktop,4,85,16,4,Sign Up,0.19606931554316986,0
1715,S01715,41,Desktop,6,229,17,6,Product,0.05,0
1716,S01716,37,Mobile,2,837,22,5,Sign Up,0.10606844466620509,0
1717,S01717,29,Mobile,2,65,11,1,Sign Up,0.26799908317404936,1
1718,S01718,50,Desktop,3,557,1,9,Sign Up,0.1843438805307197,0
1719,S01719,58,Mobile,5,229,26,8,Add to Cart,0.05,0
1720,S01720,27,Mobile,7,61,22,4,Purchase,0.05,0
1721,S01721,39,Desktop,6,528,20,7,Checkout,0.05,0
1722,S01722,43,Desktop,5,628,18,4,Add to Cart,0.059045375830024165,0
1723,S01723,23,Mobile,4,229,22,3,Product,0.27006840024068524,0
1724,S01724,32,Desktop,5,751,13,7,Add to Cart,0.05,0
1725,S01725,54,Mobile,4,221,26,8,Sign Up,0.05,0
1726,S01726,28,Desktop,2,74,15,3,Sign Up,0.22356302964041902,1
1727,S01727,34,Desktop,2,135,3,2,Home,0.27815213979907255,0
1728,S01728,31,Desktop,5,731,12,2,Product,0.0775476287655392,0
1729,S01729,23,Desktop,4,842,3,0,Product,0.24764975148145804,1
1730,S01730,46,Mobile,2,67,27,1,Sign Up,0.1664069365475611,0
1731,S01731,40,Mobile,7,653,9,7,Add to Cart,0.05,0
1732,S01732,37,Mobile,5,192,4,3,Product,0.20969822007210243,0
1733,S01733,53,Desktop,7,403,3,6,Add to Cart,0.05,0
1734,S01734,29,Tablet,6,63,16,5,Checkout,0.08210649457376928,0
1735,S01735,27,Mobile,2,689,12,6,Sign Up,0.2123910579984351,1
1736,S01736,56,Mobile,6,399,20,9,Checkout,0.05,0
1737,S01737,54,Tablet,7,70,10,7,Checkout,0.05,0
1738,S01738,39,Tablet,2,80,16,5,Sign Up,0.14756590657844948,0
1739,S01739,58,Mobile,2,670,14,4,Sign Up,0.1400587933004751,0
1740,S01740,56,Desktop,6,772,1,1,Checkout,0.05,0
1741,S01741,53,Desktop,1,815,16,2,Home,0.2948495299992676,0
1742,S01742,40,Mobile,6,499,22,2,Product,0.10030575199815978,0
1743,S01743,41,Mobile,1,484,25,3,Home,0.10513236603327583,0
1744,S01744,45,Mobile,2,711,25,4,Sign Up,0.05,0
1745,S01745,29,Mobile,6,201,9,8,Add to Cart,0.05,0
1746,S01746,53,Desktop,1,23,23,5,Home,0.21355861293601344,0
1747,S01747,42,Tablet,4,520,22,9,Product,0.05,0
1748,S01748,34,Mobile,7,866,13,7,Add to Cart,0.05,1
1749,S01749,20,Mobile,2,326,14,7,Sign Up,0.17741813766169232,0
1750,S01750,40,Mobile,4,403,11,0,Product,0.09055715103849557,0
1751,S01751,40,Desktop,2,163,2,7,Sign Up,0.24538173251742093,1
1752,S01752,35,Mobile,5,402,29,3,Add to Cart,0.050252027132625054,0
1753,S01753,45,Mobile,3,425,22,8,Browse,0.05,0
1754,S01754,53,Mobile,5,340,22,2,Add to Cart,0.05,0
1755,S01755,46,Desktop,3,565,4,2,Browse,0.1468437953976143,0
1756,S01756,28,Mobile,2,682,26,4,Sign Up,0.05,0
1757,S01757,51,Mobile,1,783,20,5,Home,0.365277111691404,0
1758,S01758,35,Mobile,7,638,13,3,Purchase,0.05,0
1759,S01759,55,Mobile,3,526,11,9,Sign Up,0.09845212819815333,0
1760,S01760,55,Tablet,6,728,17,5,Checkout,0.05,0
1761,S01761,51,Mobile,3,470,9,9,Browse,0.11736675994406807,0
1762,S01762,20,Mobile,7,173,11,1,Purchase,0.06692199918477408,0
1763,S01763,41,Desktop,6,176,7,9,Checkout,0.05,0
1764,S01764,26,Tablet,4,771,1,2,Product,0.09519346294113373,0
1765,S01765,23,Desktop,4,668,9,0,Product,0.0886854103463666,0
1766,S01766,29,Mobile,6,629,8,4,Checkout,0.14600230160881886,0
1767,S01767,49,Desktop,7,663,9,8,Checkout,0.05,0
1768,S01768,47,Desktop,6,228,17,2,Checkout,0.05,0
1769,S01769,50,Desktop,7,413,6,6,Purchase,0.05,0
1770,S01770,32,Desktop,3,871,28,8,Browse,0.05,0
1771,S01771,29,Tablet,3,359,29,0,Browse,0.13558175294266675,0
1772,S01772,27,Desktop,4,115,10,5,Product,0.1825538697312356,0
1773,S01773,40,Tablet,4,608,29,7,Product,0.05,0
1774,S01774,46,Desktop,7,720,12,3,Purchase,0.05,0
1775,S01775,33,Mobile,3,131,11,9,Browse,0.12186250503942474,0
1776,S01776,43,Mobile,4,491,3,5,Browse,0.20293789789233824,1
1777,S01777,51,Mobile,1,385,26,1,Home,0.2106919588012102,0
1778,S01778,21,Mobile,7,509,25,0,Purchase,0.05404742808565487,0
1779,S01779,38,Desktop,4,482,15,0,Product,0.1422817088979806,0
1780,S01780,32,Desktop,5,93,23,1,Add to Cart,0.05,0
1781,S01781,38,Mobile,6,691,2,7,Add to Cart,0.05729368621484676,0
1782,S01782,51,Desktop,6,584,28,1,Add to Cart,0.05,0
1783,S01783,56,Mobile,4,371,12,7,Browse,0.1851420798679903,0
1784,S01784,50,Mobile,7,415,20,3,Purchase,0.1524557446470277,0
1785,S01785,21,Mobile,6,605,15,5,Product,0.05,0
1786,S01786,25,Desktop,5,24,5,9,Add to Cart,0.08426029590616599,0
1787,S01787,39,Mobile,3,859,6,9,Browse,0.08184074840167302,0
1788,S01788,49,Desktop,1,532,22,8,Home,0.05,0
1789,S01789,58,Mobile,6,321,28,8,Checkout,0.05,0
1790,S01790,27,Desktop,7,511,11,8,Purchase,0.05,0
1791,S01791,46,Mobile,5,863,29,2,Add to Cart,0.060758809605533926,0
1792,S01792,45,Desktop,1,534,5,2,Home,0.3030938331507452,0
1793,S01793,34,Mobile,1,618,8,1,Home,0.26219500194896767,0
1794,S01794,34,Mobile,5,434,28,3,Browse,0.17786324745674942,1
1795,S01795,43,Desktop,3,811,11,1,Browse,0.07740566010118961,0
1796,S01796,48,Mobile,5,688,6,3,Product,0.05692794438594663,0
1797,S01797,53,Desktop,7,472,24,6,Purchase,0.05,0
1798,S01798,57,Mobile,4,430,21,2,Browse,0.17589038732050402,0
1799,S01799,48,Mobile,3,571,7,7,Sign Up,0.05,0
1800,S01800,54,Desktop,3,229,25,7,Browse,0.11138646452687347,0
1801,S01801,54,Mobile,3,29,1,6,Browse,0.3145178580184068,0
1802,S01802,36,Desktop,6,789,19,9,Add to Cart,0.05,0
1803,S01803,41,Mobile,1,142,4,6,Home,0.22537655114925892,0
1804,S01804,31,Mobile,2,236,18,1,Sign Up,0.20111733538695273,1
1805,S01805,45,Desktop,6,698,1,4,Add to Cart,0.05,0
1806,S01806,20,Mobile,7,375,26,2,Purchase,0.05,0
1807,S01807,56,Tablet,7,610,2,4,Add to Cart,0.05,0
1808,S01808,47,Mobile,1,561,7,9,Home,0.2916731352588552,0
1809,S01809,47,Mobile,5,108,2,6,Add to Cart,0.24885564681669986,1
1810,S01810,25,Desktop,3,466,1,3,Browse,0.2368420372861217,0
1811,S01811,20,Mobile,1,553,20,7,Home,0.1518679221804718,0
1812,S01812,50,Mobile,7,321,16,6,Purchase,0.05,0
1813,S01813,44,Mobile,7,891,8,1,Checkout,0.05,0
1814,S01814,32,Desktop,4,317,13,2,Product,0.07403606739124168,0
1815,S01815,54,Desktop,4,351,7,1,Product,0.2551369060283395,0
1816,S01816,27,Mobile,3,254,5,1,Browse,0.27038857348107675,0
1817,S01817,50,Desktop,2,107,10,3,Sign Up,0.18536862720789185,0
1818,S01818,47,Mobile,1,326,10,8,Home,0.2478478087479053,1
1819,S01819,38,Desktop,5,850,17,1,Add to Cart,0.05,0
1820,S01820,53,Mobile,4,771,3,0,Product,0.1830460354683871,0
1821,S01821,28,Desktop,6,477,21,0,Checkout,0.05,0
1822,S01822,21,Desktop,6,677,2,0,Checkout,0.05,0
1823,S01823,23,Desktop,2,346,21,0,Sign Up,0.16831921922219714,0
1824,S01824,29,Desktop,6,405,21,3,Checkout,0.05,0
1825,S01825,55,Desktop,6,490,18,1,Checkout,0.05,0
1826,S01826,22,Mobile,3,138,9,5,Browse,0.11000446259003567,0
1827,S01827,49,Desktop,4,421,10,1,Product,0.07181922090091919,0
1828,S01828,22,Mobile,7,570,10,0,Purchase,0.05,0
1829,S01829,41,Mobile,1,139,18,8,Home,0.05,0
1830,S01830,33,Mobile,6,442,1,7,Product,0.05,0
1831,S01831,38,Mobile,5,464,14,9,Product,0.16001505821883608,0
1832,S01832,55,Mobile,6,162,6,7,Add to Cart,0.05,0
1833,S01833,31,Desktop,5,834,3,0,Add to Cart,0.05,0
1834,S01834,57,Mobile,2,291,8,6,Home,0.05,1
1835,S01835,32,Mobile,7,756,18,6,Checkout,0.05,0
1836,S01836,29,Mobile,1,693,14,7,Home,0.20752504481426493,0
1837,S01837,33,Mobile,4,561,21,1,Browse,0.06174091683003696,0
1838,S01838,35,Mobile,2,90,15,9,Sign Up,0.06483378509273909,0
1839,S01839,44,Desktop,2,268,4,8,Sign Up,0.2619411750352227,0
1840,S01840,42,Mobile,7,820,19,8,Checkout,0.05,0
1841,S01841,34,Mobile,1,628,27,4,Home,0.23708074415640212,0
1842,S01842,19,Desktop,2,136,20,9,Home,0.05,0
1843,S01843,37,Desktop,1,24,14,7,Home,0.13734183506380387,0
1844,S01844,26,Desktop,1,631,19,7,Home,0.1270270806734154,0
1845,S01845,50,Desktop,3,438,10,1,Home,0.20965573140379556,0
1846,S01846,52,Desktop,5,162,5,5,Add to Cart,0.10629868403791828,0
1847,S01847,58,Desktop,2,604,5,6,Sign Up,0.15803108485122858,0
1848,S01848,53,Desktop,7,44,8,0,Purchase,0.10154020420218833,0
1849,S01849,52,Mobile,3,260,25,9,Browse,0.1609074995415406,0
1850,S01850,35,Mobile,2,733,5,5,Sign Up,0.05,0
1851,S01851,47,Desktop,2,312,16,5,Sign Up,0.178283196778865,1
1852,S01852,36,Mobile,2,157,12,1,Sign Up,0.10527971558963181,0
1853,S01853,31,Mobile,2,661,12,0,Home,0.1387316168913255,0
1854,S01854,38,Mobile,1,659,6,1,Home,0.37014351824494496,1
1855,S01855,49,Desktop,6,441,6,3,Checkout,0.07028341905775336,0
1856,S01856,30,Desktop,1,701,13,0,Home,0.15322327499335645,0
1857,S01857,18,Desktop,4,168,27,2,Product,0.05,0
1858,S01858,35,Tablet,4,723,20,6,Sign Up,0.05,0
1859,S01859,27,Tablet,7,743,22,9,Purchase,0.05,0
1860,S01860,44,Tablet,7,401,21,0,Purchase,0.05,0
1861,S01861,53,Mobile,1,498,11,7,Home,0.24197115919691303,0
1862,S01862,27,Mobile,5,850,29,6,Product,0.05,0
1863,S01863,50,Mobile,7,380,14,6,Purchase,0.05,0
1864,S01864,26,Mobile,7,65,28,0,Purchase,0.06879600899530702,0
1865,S01865,34,Mobile,7,425,13,8,Purchase,0.05,0
1866,S01866,56,Mobile,3,744,5,8,Browse,0.19512196526080658,0
1867,S01867,34,Desktop,7,537,25,2,Checkout,0.05,0
1868,S01868,37,Mobile,6,609,7,5,Checkout,0.05,0
1869,S01869,51,Mobile,2,194,27,9,Sign Up,0.06893831060746285,0
1870,S01870,31,Desktop,1,81,22,0,Home,0.20279373444418966,1
1871,S01871,22,Mobile,7,512,17,0,Purchase,0.05,0
1872,S01872,53,Mobile,2,415,5,7,Sign Up,0.16373748365123522,0
1873,S01873,30,Mobile,3,441,16,6,Browse,0.11157034841683382,0
1874,S01874,19,Tablet,3,496,24,7,Browse,0.05,0
1875,S01875,33,Desktop,4,525,22,6,Product,0.15677617521566445,0
1876,S01876,40,Mobile,3,494,13,2,Browse,0.1983059929985726,0
1877,S01877,38,Mobile,5,95,29,6,Add to Cart,0.05,0
1878,S01878,54,Mobile,6,139,22,0,Checkout,0.1147277809659342,0
1879,S01879,26,Mobile,3,687,24,6,Browse,0.05,0
1880,S01880,27,Desktop,4,783,13,7,Product,0.059422544782390764,0
1881,S01881,38,Mobile,5,776,22,6,Browse,0.05,0
1882,S01882,49,Desktop,7,124,3,0,Checkout,0.276684186178088,0
1883,S01883,27,Desktop,5,685,2,2,Add to Cart,0.18817362886836603,1
1884,S01884,34,Mobile,5,542,6,3,Add to Cart,0.1654109926523467,0
1885,S01885,19,Tablet,5,244,4,1,Add to Cart,0.10806811165841988,1
1886,S01886,53,Mobile,7,764,26,4,Purchase,0.05,0
1887,S01887,26,Mobile,1,69,24,7,Home,0.19334719578357704,1
1888,S01888,48,Mobile,1,307,11,4,Home,0.1990586447910901,0
1889,S01889,36,Mobile,1,35,3,9,Home,0.3242765418612785,0
1890,S01890,46,Desktop,7,371,2,7,Purchase,0.08473535641398101,0
1891,S01891,58,Desktop,6,235,11,2,Checkout,0.13774857620604472,0
1892,S01892,41,Mobile,3,205,29,4,Browse,0.06950723443825964,0
1893,S01893,43,Desktop,3,526,14,3,Browse,0.1965082184634717,0
1894,S01894,56,Desktop,5,129,26,7,Product,0.05,0
1895,S01895,57,Mobile,4,98,20,3,Product,0.17473037249198153,1
1896,S01896,57,Mobile,3,112,8,6,Sign Up,0.25200680541942566,0
1897,S01897,52,Mobile,6,104,16,4,Checkout,0.05,0
1898,S01898,34,Mobile,5,626,9,5,Add to Cart,0.1500426731419086,0
1899,S01899,38,Mobile,5,267,16,7,Add to Cart,0.05,0
1900,S01900,46,Mobile,3,325,15,3,Browse,0.15009898029733953,0
1901,S01901,35,Mobile,1,294,23,9,Home,0.10938698024706636,0
1902,S01902,56,Tablet,6,562,9,7,Checkout,0.05,0
1903,S01903,42,Mobile,5,423,5,1,Product,0.05526791053578295,1
1904,S01904,57,Mobile,6,566,2,7,Checkout,0.05,0
1905,S01905,29,Desktop,3,689,16,7,Browse,0.05,0
1906,S01906,20,Mobile,4,185,22,4,Product,0.05,0
1907,S01907,50,Tablet,5,256,4,2,Product,0.14327546222866486,0
1908,S01908,55,Desktop,4,841,27,0,Product,0.06287984854391909,0
1909,S01909,29,Mobile,7,498,28,9,Purchase,0.05,0
1910,S01910,21,Mobile,6,120,11,8,Checkout,0.17278627895234266,0
1911,S01911,53,Mobile,6,347,9,2,Checkout,0.19901395730469917,0
1912,S01912,38,Mobile,3,558,13,1,Sign Up,0.07692865910363098,0
1913,S01913,46,Mobile,6,503,28,6,Checkout,0.05,0
1914,S01914,19,Mobile,7,165,19,7,Purchase,0.05,0
1915,S01915,40,Desktop,6,685,12,8,Add to Cart,0.05,0
1916,S01916,25,Mobile,7,573,8,1,Purchase,0.05,0
1917,S01917,36,Mobile,2,826,10,9,Home,0.05,0
1918,S01918,50,Desktop,5,54,15,5,Product,0.09328111034072856,0
1919,S01919,57,Desktop,6,26,17,6,Product,0.05,0
1920,S01920,27,Desktop,5,233,4,6,Product,0.18738286619757022,0
1921,S01921,50,Mobile,1,863,27,9,Home,0.05,0
1922,S01922,46,Mobile,3,674,6,1,Browse,0.27183829165550094,0
1923,S01923,29,Mobile,6,523,17,0,Checkout,0.05,0
1924,S01924,26,Mobile,1,400,14,8,Home,0.3454012984957484,0
1925,S01925,39,Mobile,3,571,26,2,Browse,0.09811471378930071,0
1926,S01926,30,Mobile,5,784,8,4,Product,0.05,0
1927,S01927,28,Mobile,2,97,25,6,Sign Up,0.21274862274387285,0
1928,S01928,58,Mobile,4,877,15,9,Browse,0.060177325001779844,0
1929,S01929,55,Tablet,2,653,21,9,Sign Up,0.05,0
1930,S01930,35,Tablet,5,815,16,5,Add to Cart,0.05,1
1931,S01931,23,Desktop,7,100,12,2,Purchase,0.05,0
1932,S01932,49,Desktop,1,305,5,5,Home,0.27807636007224373,1
1933,S01933,49,Tablet,1,205,22,7,Home,0.1390432857838153,0
1934,S01934,36,Desktop,2,455,28,0,Home,0.20011654755905034,0
1935,S01935,51,Mobile,4,712,18,6,Product,0.05,0
1936,S01936,42,Tablet,4,195,9,3,Product,0.22894271690117238,1
1937,S01937,30,Mobile,6,383,4,4,Checkout,0.06120925400444773,0
1938,S01938,37,Desktop,4,880,8,2,Product,0.11780221730442562,1
1939,S01939,42,Mobile,1,869,11,5,Home,0.2529994840478064,1
1940,S01940,55,Mobile,3,71,17,3,Browse,0.2422224737453358,0
1941,S01941,38,Desktop,6,277,29,1,Checkout,0.05,0
1942,S01942,27,Desktop,2,801,28,1,Sign Up,0.16252583398154985,0
1943,S01943,24,Mobile,4,80,7,3,Product,0.1286544697124684,0
1944,S01944,34,Desktop,2,62,4,3,Sign Up,0.30235280667194375,0
1945,S01945,25,Mobile,1,625,1,0,Home,0.2737636232359747,0
1946,S01946,42,Desktop,3,194,21,9,Sign Up,0.05,1
1947,S01947,59,Mobile,7,834,3,4,Purchase,0.1633684602857961,0
1948,S01948,24,Desktop,6,504,15,9,Checkout,0.05,0
1949,S01949,53,Mobile,1,882,11,7,Home,0.13906417240970306,0
1950,S01950,37,Mobile,3,58,13,3,Browse,0.24963383825784716,0
1951,S01951,34,Desktop,6,495,13,5,Checkout,0.07150692918551985,0
1952,S01952,38,Mobile,3,779,20,7,Browse,0.05,0
1953,S01953,45,Tablet,7,163,13,6,Checkout,0.05,0
1954,S01954,21,Mobile,5,580,23,6,Add to Cart,0.05,0
1955,S01955,54,Mobile,6,328,21,3,Checkout,0.05,0
1956,S01956,20,Desktop,7,305,15,9,Purchase,0.05,0
1957,S01957,43,Mobile,7,315,10,8,Add to Cart,0.05,0
1958,S01958,30,Tablet,5,822,15,4,Add to Cart,0.05,0
1959,S01959,49,Desktop,2,743,2,1,Home,0.10363087273997817,0
1960,S01960,47,Tablet,3,129,21,8,Browse,0.16533259985133458,0
1961,S01961,34,Desktop,3,416,7,5,Browse,0.09975520282300497,0
1962,S01962,46,Desktop,5,231,4,6,Add to Cart,0.21727797958460596,0
1963,S01963,39,Mobile,1,146,13,3,Home,0.18275474472109543,0
1964,S01964,18,Mobile,6,367,21,0,Checkout,0.05,0
1965,S01965,50,Mobile,2,40,24,4,Home,0.20805275591087735,1
1966,S01966,27,Mobile,5,891,8,6,Product,0.13085857274980453,0
1967,S01967,22,Mobile,6,524,7,3,Checkout,0.0668689132495413,0
1968,S01968,51,Mobile,7,423,17,3,Purchase,0.05,0
1969,S01969,18,Tablet,6,711,4,8,Checkout,0.05,0
1970,S01970,22,Mobile,6,712,17,0,Checkout,0.05,0
1971,S01971,30,Desktop,3,91,21,3,Browse,0.20717464050107479,0
1972,S01972,25,Tablet,3,885,16,3,Browse,0.09797127569820453,0
1973,S01973,38,Mobile,4,667,18,8,Product,0.05,0
1974,S01974,43,Mobile,7,151,7,7,Purchase,0.05,0
1975,S01975,58,Mobile,6,489,29,8,Checkout,0.05,0
1976,S01976,43,Mobile,2,164,9,3,Sign Up,0.37842839610611856,0
1977,S01977,46,Desktop,4,585,1,0,Sign Up,0.26038919629303936,1
1978,S01978,40,Desktop,1,740,18,2,Home,0.12001189139378166,0
1979,S01979,46,Tablet,4,50,8,7,Product,0.24159038817428583,1
1980,S01980,53,Mobile,4,256,20,4,Sign Up,0.05,0
1981,S01981,41,Desktop,4,619,11,0,Product,0.1884059786560126,0
1982,S01982,30,Tablet,3,35,18,1,Browse,0.16716749822227062,0
1983,S01983,40,Desktop,2,602,10,7,Sign Up,0.227934025969349,0
1984,S01984,39,Mobile,7,185,9,9,Checkout,0.05,0
1985,S01985,36,Mobile,7,592,1,8,Purchase,0.05,0
1986,S01986,55,Desktop,2,710,27,9,Sign Up,0.05,0
1987,S01987,40,Tablet,7,238,9,5,Purchase,0.07462686440307986,0
1988,S01988,24,Desktop,6,549,19,3,Add to Cart,0.05,0
1989,S01989,49,Tablet,4,634,4,5,Product,0.1276997443417089,0
1990,S01990,51,Tablet,7,410,24,9,Checkout,0.05,0
1991,S01991,32,Mobile,6,574,20,4,Checkout,0.05,0
1992,S01992,55,Mobile,4,467,23,1,Product,0.05,0
1993,S01993,51,Tablet,7,819,23,0,Purchase,0.05,0
1994,S01994,31,Mobile,2,704,17,2,Sign Up,0.2398695486838212,0
1995,S01995,21,Desktop,7,314,16,4,Checkout,0.05,0
1996,S01996,21,Desktop,4,61,28,2,Browse,0.3044020125181492,1
1997,S01997,28,Mobile,4,114,8,6,Product,0.19880616682689659,0
1998,S01998,29,Mobile,6,760,22,6,Add to Cart,0.05,0
1999,S01999,34,Mobile,7,430,28,5,Product,0.05,0
2000,S02000,56,Desktop,7,722,27,0,Purchase,0.05,0
2001,S02001,43,Mobile,6,621,29,4,Product,0.05,0
2002,S02002,53,Desktop,3,322,28,3,Browse,0.05,0
2003,S02003,28,Mobile,6,565,13,5,Checkout,0.05,0
2004,S02004,59,Mobile,6,843,22,3,Checkout,0.05,0
2005,S02005,18,Mobile,7,798,14,9,Purchase,0.05,0
2006,S02006,55,Desktop,1,831,27,0,Home,0.19447126951840624,0
2007,S02007,45,Mobile,1,135,10,3,Home,0.2982584078159794,0
2008,S02008,32,Mobile,7,446,18,1,Product,0.06321142508311972,0
2009,S02009,53,Mobile,1,324,18,0,Home,0.3075237992991606,1
2010,S02010,29,Desktop,3,195,5,3,Browse,0.25207173199825605,0
2011,S02011,34,Tablet,2,103,21,7,Sign Up,0.16902680195502695,0
2012,S02012,25,Mobile,7,870,14,9,Purchase,0.05,0
2013,S02013,52,Mobile,7,392,4,5,Purchase,0.05,0
2014,S02014,45,Mobile,6,867,9,1,Checkout,0.07873490748083341,0
2015,S02015,51,Mobile,4,447,2,1,Product,0.17375209132860242,0
2016,S02016,33,Tablet,3,324,24,9,Browse,0.10300106095374384,0
2017,S02017,32,Mobile,5,496,23,8,Add to Cart,0.05,0
2018,S02018,50,Mobile,6,348,20,8,Checkout,0.05,0
2019,S02019,36,Desktop,3,638,25,5,Browse,0.05,0
2020,S02020,51,Mobile,3,537,27,6,Browse,0.05,0
2021,S02021,32,Tablet,6,41,15,8,Add to Cart,0.2249193175639676,0
2022,S02022,50,Desktop,6,795,1,6,Checkout,0.05,0
2023,S02023,58,Desktop,5,545,21,0,Add to Cart,0.10667909762865761,0
2024,S02024,24,Mobile,7,868,13,9,Purchase,0.05,0
2025,S02025,24,Mobile,6,740,8,9,Checkout,0.05,0
2026,S02026,51,Mobile,3,21,10,4,Home,0.261874877596007,1
2027,S02027,38,Desktop,2,482,14,8,Sign Up,0.05915397265708811,1
2028,S02028,24,Desktop,2,151,2,7,Sign Up,0.21146972085186563,0
2029,S02029,54,Mobile,3,847,27,3,Browse,0.05,0
2030,S02030,55,Desktop,6,738,23,3,Add to Cart,0.05,0
2031,S02031,53,Desktop,1,411,25,6,Home,0.24130573460304144,0
2032,S02032,19,Mobile,6,666,29,9,Add to Cart,0.05,0
2033,S02033,27,Desktop,4,243,29,3,Product,0.1085675888065664,0
2034,S02034,35,Mobile,4,72,20,9,Product,0.05,0
2035,S02035,52,Tablet,5,180,15,9,Browse,0.06056551095322652,0
2036,S02036,51,Mobile,6,55,24,6,Checkout,0.05,0
2037,S02037,20,Mobile,5,511,23,0,Add to Cart,0.15889909275574865,0
2038,S02038,49,Desktop,1,724,17,4,Home,0.06601683696741766,0
2039,S02039,43,Mobile,5,618,1,1,Add to Cart,0.1884917061482902,0
2040,S02040,28,Mobile,3,389,20,3,Browse,0.19405169128563896,0
2041,S02041,45,Mobile,3,739,18,8,Browse,0.05,0
2042,S02042,31,Mobile,6,278,7,3,Checkout,0.11489042971061669,0
2043,S02043,24,Mobile,2,827,22,0,Sign Up,0.2723763226318088,0
2044,S02044,53,Desktop,1,656,4,9,Home,0.22419247380973673,0
2045,S02045,39,Mobile,3,703,15,3,Browse,0.1380444103091443,0
2046,S02046,48,Mobile,4,689,18,2,Home,0.05022142208969488,0
2047,S02047,27,Tablet,6,614,27,7,Checkout,0.05,0
2048,S02048,21,Mobile,6,288,12,2,Checkout,0.10924104954573771,0
2049,S02049,22,Mobile,3,898,4,1,Sign Up,0.11982749316554314,0
2050,S02050,18,Mobile,6,423,20,9,Add to Cart,0.11515284187228833,1
2051,S02051,42,Desktop,6,510,24,3,Checkout,0.08525330270980047,0
2052,S02052,49,Tablet,6,696,2,6,Checkout,0.1951548348739181,0
2053,S02053,48,Desktop,3,880,4,3,Sign Up,0.17239416978462907,0
2054,S02054,41,Mobile,5,533,26,4,Add to Cart,0.05,0
2055,S02055,28,Mobile,4,898,11,7,Product,0.06009937113058805,0
2056,S02056,44,Mobile,1,638,29,9,Home,0.143440223227342,1
2057,S02057,50,Desktop,2,417,13,7,Sign Up,0.2941548054513804,0
2058,S02058,33,Mobile,4,757,17,2,Product,0.05,0
2059,S02059,52,Desktop,5,411,16,6,Add to Cart,0.05049630457703053,1
2060,S02060,51,Desktop,2,759,22,4,Sign Up,0.05,0
2061,S02061,26,Mobile,6,393,2,3,Checkout,0.09660397768349716,0
2062,S02062,52,Desktop,3,567,29,6,Home,0.05,0
2063,S02063,31,Mobile,1,543,27,7,Home,0.13704197598067752,0
2064,S02064,36,Mobile,7,879,6,4,Purchase,0.05,0
2065,S02065,29,Mobile,7,487,28,3,Checkout,0.05,0
2066,S02066,37,Tablet,3,435,14,7,Browse,0.06659079356531047,0
2067,S02067,26,Mobile,5,707,3,4,Add to Cart,0.05,0
2068,S02068,48,Desktop,4,117,23,9,Product,0.05,0
2069,S02069,50,Mobile,6,115,5,8,Add to Cart,0.05,0
2070,S02070,48,Mobile,2,840,2,6,Sign Up,0.19077802776287522,0
2071,S02071,43,Mobile,5,684,24,1,Add to Cart,0.05,0
2072,S02072,31,Desktop,6,775,17,3,Product,0.14041782291836444,0
2073,S02073,35,Desktop,3,656,3,4,Browse,0.1918405738082899,1
2074,S02074,34,Desktop,1,136,4,1,Home,0.3421726756707193,0
2075,S02075,48,Desktop,4,138,5,7,Product,0.05,0
2076,S02076,23,Mobile,5,817,1,7,Add to Cart,0.05200972506956883,0
2077,S02077,47,Tablet,5,794,6,2,Add to Cart,0.07408785916122593,0
2078,S02078,24,Desktop,3,342,18,0,Browse,0.089273915333614,0
2079,S02079,35,Mobile,6,102,29,5,Browse,0.05,0
2080,S02080,29,Desktop,4,862,10,6,Product,0.05,0
2081,S02081,18,Mobile,4,126,16,9,Product,0.05,0
2082,S02082,19,Desktop,6,517,21,8,Add to Cart,0.05,0
2083,S02083,35,Desktop,3,229,23,2,Sign Up,0.10102885626658574,0
2084,S02084,56,Mobile,5,81,21,4,Browse,0.09634978813391992,1
2085,S02085,40,Tablet,2,586,16,2,Sign Up,0.1531058398873829,1
2086,S02086,30,Mobile,5,727,4,3,Add to Cart,0.05,0
2087,S02087,21,Mobile,7,696,29,4,Purchase,0.05,0
2088,S02088,44,Desktop,3,694,12,2,Browse,0.22548933039485974,0
2089,S02089,21,Mobile,4,85,16,6,Product,0.14189371028831577,0
2090,S02090,30,Mobile,6,557,22,5,Product,0.05,0
2091,S02091,45,Desktop,7,219,15,4,Purchase,0.05,0
2092,S02092,51,Mobile,1,353,4,3,Home,0.3709909293986259,0
2093,S02093,54,Tablet,1,160,20,0,Home,0.28473072652371895,0
2094,S02094,39,Mobile,3,750,14,5,Browse,0.05,0
2095,S02095,49,Mobile,1,494,23,0,Home,0.32932542287183353,0
2096,S02096,50,Mobile,3,403,14,2,Browse,0.28353597351397997,0
2097,S02097,57,Mobile,6,53,1,2,Add to Cart,0.1668531042747225,1
2098,S02098,59,Mobile,3,187,7,5,Browse,0.11109690728955814,0
2099,S02099,36,Desktop,4,883,19,5,Product,0.05,0
2100,S02100,58,Mobile,7,892,9,3,Purchase,0.05,0
2101,S02101,52,Mobile,4,387,8,4,Product,0.23293211556874063,0
2102,S02102,28,Mobile,2,401,22,2,Sign Up,0.09348153855747836,0
2103,S02103,43,Mobile,4,816,13,8,Browse,0.05,0
2104,S02104,40,Mobile,7,279,12,9,Checkout,0.05,0
2105,S02105,18,Mobile,2,265,3,6,Sign Up,0.2941432988785745,1
2106,S02106,53,Desktop,2,302,11,4,Home,0.09419839555387663,0
2107,S02107,47,Desktop,5,519,15,7,Add to Cart,0.16139905466650042,0
2108,S02108,46,Mobile,1,330,8,8,Home,0.28895285822265365,0
2109,S02109,48,Mobile,5,413,22,0,Add to Cart,0.15515338034604823,0
2110,S02110,18,Mobile,4,481,16,1,Product,0.1429858238292771,0
2111,S02111,42,Mobile,3,744,19,5,Browse,0.11831795808253714,0
2112,S02112,50,Mobile,3,21,13,1,Browse,0.12413645155710125,0
2113,S02113,39,Mobile,1,562,14,9,Home,0.05,0
2114,S02114,25,Mobile,3,451,2,5,Browse,0.15308913778666353,0
2115,S02115,19,Desktop,3,444,10,7,Browse,0.1258444944491341,1
2116,S02116,47,Mobile,7,53,24,1,Purchase,0.1638410691721554,0
2117,S02117,52,Desktop,7,870,28,2,Purchase,0.05,0
2118,S02118,37,Tablet,4,667,5,2,Product,0.07965426986024413,0
2119,S02119,29,Mobile,6,870,9,4,Product,0.05,0
2120,S02120,27,Tablet,2,115,21,6,Sign Up,0.2244780457528055,0
2121,S02121,55,Mobile,1,620,28,5,Home,0.060863244450957955,0
2122,S02122,58,Mobile,6,710,12,4,Checkout,0.0634992804047689,0
2123,S02123,19,Desktop,6,710,10,4,Checkout,0.05,0
2124,S02124,36,Desktop,3,738,16,4,Browse,0.1496411124133249,0
2125,S02125,44,Desktop,3,236,9,4,Browse,0.2419750794406516,0
2126,S02126,37,Mobile,1,568,22,7,Home,0.15501601736676798,0
2127,S02127,48,Mobile,7,369,9,3,Purchase,0.05,0
2128,S02128,45,Tablet,3,546,16,5,Browse,0.16822415395260493,1
2129,S02129,28,Desktop,1,455,16,9,Home,0.10669474750427528,0
2130,S02130,49,Mobile,6,769,17,4,Checkout,0.05,1
2131,S02131,38,Desktop,3,831,7,0,Browse,0.13337438533896348,1
2132,S02132,25,Mobile,2,364,15,0,Home,0.10269168262447645,1
2133,S02133,59,Desktop,5,281,17,7,Add to Cart,0.05,0
2134,S02134,54,Mobile,3,423,20,6,Browse,0.05,0
2135,S02135,55,Mobile,6,150,1,9,Checkout,0.12141861432961203,0
2136,S02136,44,Mobile,4,812,10,6,Product,0.05,1
2137,S02137,39,Mobile,6,231,24,3,Checkout,0.05,0
2138,S02138,33,Mobile,2,534,23,5,Sign Up,0.14722840015589816,0
2139,S02139,53,Mobile,3,94,8,7,Browse,0.09990810328873512,0
2140,S02140,59,Desktop,3,665,24,2,Browse,0.05,0
2141,S02141,48,Tablet,5,800,26,7,Product,0.05,0
2142,S02142,36,Mobile,2,894,18,3,Sign Up,0.12784744183332303,0
2143,S02143,53,Mobile,1,811,2,3,Home,0.21543593400664418,0
2144,S02144,59,Mobile,1,597,18,4,Home,0.28920871383187624,1
2145,S02145,37,Desktop,3,376,17,9,Sign Up,0.05,0
2146,S02146,21,Mobile,6,836,11,2,Checkout,0.05,0
2147,S02147,33,Desktop,4,387,12,4,Product,0.07775496146929117,0
2148,S02148,34,Desktop,4,103,10,8,Product,0.13082233277123373,0
2149,S02149,33,Mobile,7,45,13,5,Purchase,0.0717005940083761,0
2150,S02150,36,Mobile,3,737,15,8,Browse,0.058181512657283566,0
2151,S02151,41,Tablet,6,55,18,4,Checkout,0.22607734742823576,0
2152,S02152,54,Desktop,5,649,1,0,Product,0.09150790827942998,1
2153,S02153,32,Tablet,6,116,10,6,Checkout,0.05,0
2154,S02154,47,Mobile,7,839,24,9,Checkout,0.05,0
2155,S02155,18,Desktop,3,159,29,6,Sign Up,0.05,0
2156,S02156,31,Mobile,2,28,15,5,Sign Up,0.084256697105306,0
2157,S02157,27,Desktop,5,756,11,4,Product,0.05,0
2158,S02158,42,Mobile,6,707,4,7,Add to Cart,0.09237977755784627,0
2159,S02159,55,Desktop,5,793,18,5,Product,0.05,0
2160,S02160,27,Desktop,4,365,26,0,Product,0.05,0
2161,S02161,54,Desktop,3,476,3,1,Browse,0.22341525971510962,0
2162,S02162,30,Mobile,7,816,22,8,Purchase,0.05,0
2163,S02163,46,Desktop,2,54,6,4,Home,0.13949864847421964,0
2164,S02164,58,Mobile,2,315,25,2,Sign Up,0.16081044422037344,0
2165,S02165,42,Mobile,5,471,26,0,Product,0.05,0
2166,S02166,42,Desktop,1,287,26,4,Home,0.05883569108255739,0
2167,S02167,53,Mobile,1,325,4,3,Home,0.32821374728125646,0
2168,S02168,53,Desktop,4,892,14,3,Product,0.05,0
2169,S02169,56,Mobile,2,873,14,6,Sign Up,0.153677111388979,0
2170,S02170,30,Mobile,5,653,29,7,Add to Cart,0.05,0
2171,S02171,21,Mobile,2,314,5,2,Sign Up,0.3831770457058553,0
2172,S02172,59,Mobile,5,474,10,3,Add to Cart,0.05,0
2173,S02173,48,Mobile,6,745,5,5,Checkout,0.05,1
2174,S02174,58,Tablet,5,37,4,5,Product,0.17927659246682853,0
2175,S02175,43,Mobile,7,534,2,5,Checkout,0.05,0
2176,S02176,25,Mobile,4,282,15,8,Product,0.05,0
2177,S02177,54,Desktop,5,140,19,2,Add to Cart,0.05,0
2178,S02178,53,Mobile,3,812,22,7,Browse,0.07059435353232466,0
2179,S02179,23,Mobile,2,889,13,7,Sign Up,0.08717619166794462,0
2180,S02180,55,Mobile,1,599,14,3,Home,0.26187238202546437,0
2181,S02181,19,Desktop,2,103,28,7,Sign Up,0.3001085895526866,0
2182,S02182,26,Desktop,1,893,19,7,Home,0.09424738143045588,0
2183,S02183,54,Mobile,1,846,10,4,Home,0.20396395342220752,0
2184,S02184,29,Desktop,1,871,6,1,Home,0.07480496506093257,0
2185,S02185,53,Tablet,1,434,2,0,Home,0.3440395931870421,0
2186,S02186,52,Tablet,5,61,20,7,Add to Cart,0.06092720011278895,0
2187,S02187,37,Desktop,2,289,4,0,Sign Up,0.35881010150462095,1
2188,S02188,21,Desktop,2,568,26,3,Sign Up,0.19540158118270787,0
2189,S02189,29,Mobile,6,73,1,3,Checkout,0.15587060448011797,0
2190,S02190,33,Desktop,5,108,16,6,Add to Cart,0.05,0
2191,S02191,20,Mobile,3,62,5,6,Home,0.22387751219417873,0
2192,S02192,28,Tablet,5,25,20,3,Add to Cart,0.2322431615492569,0
2193,S02193,39,Mobile,5,236,5,1,Add to Cart,0.18638475239838445,0
2194,S02194,23,Desktop,2,613,6,7,Sign Up,0.14458871436011192,0
2195,S02195,18,Desktop,4,63,26,0,Product,0.12612204627430343,1
2196,S02196,56,Desktop,4,45,15,0,Product,0.12391197711976659,0
2197,S02197,29,Mobile,3,476,3,3,Browse,0.11197899887574865,0
2198,S02198,46,Mobile,5,792,5,8,Add to Cart,0.05,0
2199,S02199,57,Desktop,5,829,14,1,Add to Cart,0.06480258972268316,0
2200,S02200,54,Desktop,7,113,10,6,Checkout,0.05,0
2201,S02201,30,Mobile,3,613,24,8,Sign Up,0.05,0
2202,S02202,55,Desktop,1,784,6,5,Home,0.11196293020401894,0
2203,S02203,52,Desktop,1,83,29,5,Home,0.05528267342696956,0
2204,S02204,32,Desktop,4,216,7,2,Product,0.2373355992566934,1
2205,S02205,24,Desktop,7,435,8,8,Checkout,0.05,0
2206,S02206,56,Mobile,2,464,28,7,Sign Up,0.05,0
2207,S02207,44,Mobile,1,141,29,3,Home,0.3084774247608608,0
2208,S02208,34,Mobile,1,600,21,9,Home,0.05,0
2209,S02209,57,Mobile,4,781,21,7,Browse,0.05982457245122176,0
2210,S02210,41,Tablet,2,414,3,7,Home,0.2296245858238209,0
2211,S02211,32,Desktop,5,325,18,7,Product,0.1847697068161973,0
2212,S02212,31,Mobile,2,102,10,4,Sign Up,0.21650168435306819,0
2213,S02213,43,Mobile,7,641,9,3,Purchase,0.05,0
2214,S02214,36,Mobile,3,416,2,5,Sign Up,0.2542705824429829,0
2215,S02215,23,Mobile,3,470,22,3,Browse,0.20580702855191102,1
2216,S02216,35,Mobile,1,628,2,2,Home,0.24341151280628154,0
2217,S02217,57,Desktop,3,366,15,8,Browse,0.1703402100961206,0
2218,S02218,53,Desktop,2,267,17,7,Sign Up,0.23276985054636953,0
2219,S02219,45,Mobile,7,290,25,6,Purchase,0.05,0
2220,S02220,46,Tablet,6,71,2,7,Checkout,0.05583271979196949,0
2221,S02221,51,Tablet,3,543,3,1,Browse,0.2692400222338514,0
2222,S02222,31,Desktop,4,446,7,2,Browse,0.2751629144675132,0
2223,S02223,30,Mobile,1,582,23,0,Home,0.14355151243652392,1
2224,S02224,43,Desktop,5,599,18,8,Add to Cart,0.05,0
2225,S02225,27,Desktop,5,188,8,0,Add to Cart,0.1114677440725163,0
2226,S02226,56,Desktop,2,645,18,1,Sign Up,0.15744643185097806,0
2227,S02227,56,Desktop,1,390,17,9,Home,0.09437594989893439,0
2228,S02228,53,Mobile,5,396,8,8,Product,0.05,0
2229,S02229,21,Mobile,4,144,11,1,Product,0.23199335052527098,0
2230,S02230,21,Mobile,3,789,8,5,Browse,0.05,0
2231,S02231,46,Mobile,2,749,27,1,Home,0.15984780363514925,0
2232,S02232,29,Desktop,7,644,15,2,Add to Cart,0.05,0
2233,S02233,49,Mobile,5,229,16,7,Sign Up,0.05,0
2234,S02234,24,Tablet,2,374,21,7,Sign Up,0.11359424204899576,0
2235,S02235,35,Desktop,1,113,4,2,Home,0.2581793262750171,0
2236,S02236,37,Desktop,7,872,9,6,Purchase,0.05,0
2237,S02237,58,Mobile,7,370,16,7,Purchase,0.05,0
2238,S02238,55,Tablet,1,251,28,6,Home,0.1556431346309875,1
2239,S02239,22,Mobile,2,378,26,2,Home,0.17917774093928943,0
2240,S02240,37,Mobile,6,679,6,9,Add to Cart,0.12850631172636465,1
2241,S02241,27,Tablet,6,476,1,7,Add to Cart,0.1618287049944414,0
2242,S02242,48,Desktop,3,576,9,5,Browse,0.2912230808894811,1
2243,S02243,34,Desktop,1,888,4,2,Home,0.11427127983974049,0
2244,S02244,24,Mobile,2,590,20,4,Sign Up,0.20173988135273097,0
2245,S02245,49,Mobile,5,182,27,7,Add to Cart,0.05,0
2246,S02246,40,Mobile,5,388,21,2,Product,0.05,0
2247,S02247,40,Mobile,7,535,29,5,Purchase,0.05,0
2248,S02248,18,Mobile,6,606,2,7,Checkout,0.05,0
2249,S02249,32,Desktop,5,737,27,2,Add to Cart,0.06922600066152065,0
2250,S02250,59,Tablet,5,318,26,1,Add to Cart,0.1140860790821811,0
2251,S02251,36,Mobile,3,785,26,9,Sign Up,0.10130879281008495,0
2252,S02252,53,Mobile,1,110,16,1,Home,0.353845712811207,0
2253,S02253,32,Mobile,6,628,4,7,Add to Cart,0.05,1
2254,S02254,41,Mobile,7,438,27,5,Purchase,0.05,0
2255,S02255,40,Mobile,5,360,21,0,Add to Cart,0.05,0
2256,S02256,34,Desktop,5,111,16,9,Add to Cart,0.05,0
2257,S02257,36,Mobile,1,638,28,1,Home,0.2508729167679693,1
2258,S02258,21,Desktop,1,342,16,5,Home,0.20084698771025317,0
2259,S02259,56,Desktop,1,556,28,4,Home,0.05007802622944439,0
2260,S02260,46,Mobile,3,137,27,8,Browse,0.1118072381785112,0
2261,S02261,24,Mobile,2,882,22,1,Home,0.11713839350123043,0
2262,S02262,46,Desktop,1,620,16,8,Home,0.13643220325690017,0
2263,S02263,57,Mobile,6,326,28,1,Add to Cart,0.09036482237134966,0
2264,S02264,20,Desktop,1,505,4,1,Home,0.46965834130567674,0
2265,S02265,28,Desktop,1,376,26,3,Home,0.17553093544752388,0
2266,S02266,40,Mobile,5,634,25,9,Browse,0.05,0
2267,S02267,20,Mobile,3,620,22,9,Browse,0.08540249721451838,0
2268,S02268,46,Desktop,3,705,17,8,Home,0.05774080425350453,0
2269,S02269,23,Desktop,7,274,17,7,Purchase,0.05,0
2270,S02270,34,Mobile,7,866,16,7,Product,0.05,0
2271,S02271,27,Tablet,1,899,12,8,Home,0.2417155095994431,1
2272,S02272,45,Mobile,7,180,4,3,Checkout,0.10295917497569967,0
2273,S02273,50,Mobile,4,640,15,8,Product,0.05,0
2274,S02274,21,Mobile,2,404,13,5,Home,0.05,0
2275,S02275,28,Desktop,4,300,4,3,Product,0.3178751584620073,0
2276,S02276,42,Desktop,5,656,15,7,Add to Cart,0.05,0
2277,S02277,57,Mobile,5,556,7,4,Add to Cart,0.07033158928899337,0
2278,S02278,28,Mobile,7,368,7,5,Purchase,0.05,0
2279,S02279,37,Mobile,2,857,2,2,Sign Up,0.2212162507884729,0
2280,S02280,22,Mobile,2,338,1,8,Sign Up,0.19336219606931104,0
2281,S02281,34,Mobile,7,490,11,9,Purchase,0.05,0
2282,S02282,29,Desktop,5,720,13,4,Add to Cart,0.13010494577823453,0
2283,S02283,43,Tablet,3,222,4,8,Browse,0.12509084779078056,0
2284,S02284,18,Mobile,3,561,1,2,Sign Up,0.2668122403544231,0
2285,S02285,23,Desktop,1,238,5,1,Home,0.4294922976363626,0
2286,S02286,43,Mobile,7,612,15,9,Purchase,0.05,0
2287,S02287,41,Mobile,4,149,25,9,Browse,0.14684036437307602,0
2288,S02288,19,Mobile,6,742,7,2,Add to Cart,0.05,0
2289,S02289,55,Mobile,5,498,13,3,Product,0.07199518559815096,0
2290,S02290,34,Tablet,4,71,2,4,Product,0.18143626188471904,0
2291,S02291,23,Tablet,2,481,5,3,Sign Up,0.1060170289218164,0
2292,S02292,37,Mobile,5,278,29,4,Product,0.05,0
2293,S02293,29,Mobile,3,830,27,0,Browse,0.13111028580780354,0
2294,S02294,52,Mobile,2,490,7,8,Sign Up,0.17493477284988063,0
2295,S02295,59,Desktop,4,746,23,8,Product,0.05,0
2296,S02296,35,Mobile,3,375,17,0,Browse,0.0643621495239741,0
2297,S02297,44,Mobile,1,286,1,1,Home,0.35501984460998376,0
2298,S02298,33,Tablet,5,83,15,6,Product,0.08608986093941307,0
2299,S02299,56,Mobile,3,68,15,2,Browse,0.1961786169526053,0
2300,S02300,41,Desktop,4,856,22,1,Product,0.0838763061643911,1
2301,S02301,37,Mobile,6,809,8,8,Checkout,0.05,0
2302,S02302,31,Desktop,1,225,26,1,Home,0.14138853180646457,0
2303,S02303,40,Mobile,7,506,13,2,Purchase,0.05,0
2304,S02304,57,Mobile,7,897,7,6,Checkout,0.0604915555852818,0
2305,S02305,52,Desktop,3,370,7,3,Browse,0.22626552212146192,0
2306,S02306,32,Mobile,6,562,29,9,Checkout,0.05,0
2307,S02307,37,Mobile,4,158,23,8,Product,0.05,0
2308,S02308,41,Desktop,7,525,6,6,Purchase,0.08514074850393386,0
2309,S02309,22,Mobile,1,89,26,0,Home,0.21248671861402793,0
2310,S02310,36,Desktop,2,264,25,9,Sign Up,0.05655489334655166,0
2311,S02311,19,Mobile,2,815,4,8,Sign Up,0.05,0
2312,S02312,46,Mobile,4,481,1,4,Product,0.10887985172111964,0
2313,S02313,45,Mobile,2,686,21,6,Sign Up,0.09005636029136022,0
2314,S02314,29,Desktop,7,789,17,1,Purchase,0.05,1
2315,S02315,27,Mobile,4,592,27,0,Product,0.05,0
2316,S02316,50,Tablet,6,578,4,9,Add to Cart,0.05,0
2317,S02317,40,Mobile,6,510,3,7,Checkout,0.05,0
2318,S02318,34,Mobile,6,319,17,5,Product,0.05,0
2319,S02319,26,Mobile,4,482,4,2,Browse,0.05,0
2320,S02320,20,Mobile,2,174,23,9,Sign Up,0.05,0
2321,S02321,35,Mobile,7,38,25,6,Purchase,0.05,0
2322,S02322,41,Mobile,4,712,19,6,Product,0.06335160235830835,0
2323,S02323,29,Mobile,2,46,19,9,Sign Up,0.14308110903019083,0
2324,S02324,46,Mobile,2,244,13,9,Sign Up,0.05,0
2325,S02325,38,Tablet,1,199,29,9,Home,0.05,0
2326,S02326,38,Tablet,7,547,16,9,Checkout,0.05,0
2327,S02327,20,Mobile,4,740,25,8,Product,0.05,0
2328,S02328,47,Desktop,4,24,29,3,Product,0.05,0
2329,S02329,33,Mobile,3,685,5,3,Sign Up,0.05,0
2330,S02330,55,Mobile,2,363,15,7,Sign Up,0.2370924542292101,1
2331,S02331,31,Desktop,5,162,24,3,Add to Cart,0.18479100866539128,0
2332,S02332,26,Desktop,6,480,20,3,Add to Cart,0.05,0
2333,S02333,42,Desktop,5,376,23,1,Add to Cart,0.05,1
2334,S02334,43,Desktop,1,76,16,0,Home,0.34248197642748607,0
2335,S02335,35,Tablet,3,896,24,9,Browse,0.05,0
2336,S02336,45,Tablet,5,769,9,2,Add to Cart,0.1089950462990876,0
2337,S02337,37,Desktop,2,829,13,3,Home,0.1621126052877643,0
2338,S02338,36,Mobile,3,843,18,0,Browse,0.09791961568576567,0
2339,S02339,20,Mobile,4,839,11,6,Product,0.1189537232251577,0
2340,S02340,38,Desktop,3,594,20,9,Browse,0.061704035910234545,0
2341,S02341,35,Mobile,7,244,12,2,Checkout,0.05,0
2342,S02342,55,Mobile,4,767,17,1,Product,0.05,0
2343,S02343,51,Desktop,1,745,28,8,Home,0.059693957267646494,0
2344,S02344,27,Desktop,1,360,17,9,Home,0.11450505406611271,1
2345,S02345,39,Mobile,3,417,10,0,Browse,0.18572157091062758,0
2346,S02346,41,Desktop,7,890,29,5,Product,0.05,0
2347,S02347,53,Mobile,5,116,21,2,Add to Cart,0.05,0
2348,S02348,24,Desktop,4,276,17,4,Product,0.058672105889850515,0
2349,S02349,38,Mobile,2,374,13,5,Sign Up,0.24302219263836483,0
2350,S02350,22,Mobile,6,888,19,4,Add to Cart,0.05,0
2351,S02351,24,Desktop,3,329,29,2,Browse,0.07063195396905214,0
2352,S02352,26,Tablet,6,817,29,8,Checkout,0.05,0
2353,S02353,27,Mobile,7,523,8,7,Purchase,0.05,0
2354,S02354,41,Desktop,1,376,29,1,Home,0.12575464584916665,0
2355,S02355,37,Mobile,4,201,3,6,Product,0.17036371815071474,0
2356,S02356,49,Mobile,3,495,20,5,Browse,0.08580548830801818,0
2357,S02357,20,Mobile,7,256,21,3,Purchase,0.05,0
2358,S02358,24,Mobile,7,603,2,8,Purchase,0.052598971508540385,0
2359,S02359,35,Desktop,7,378,5,8,Add to Cart,0.05,0
2360,S02360,26,Mobile,1,421,27,9,Home,0.1450785151521412,0
2361,S02361,27,Mobile,1,582,24,7,Home,0.1907384704313474,0
2362,S02362,28,Mobile,3,860,18,6,Browse,0.05,0
2363,S02363,39,Desktop,5,401,20,9,Add to Cart,0.05,0
2364,S02364,33,Mobile,7,361,9,0,Checkout,0.07265017420479851,0
2365,S02365,25,Mobile,1,761,3,9,Home,0.15163671488307004,0
2366,S02366,29,Mobile,5,147,6,3,Add to Cart,0.23907851847843647,1
2367,S02367,37,Desktop,4,224,8,7,Product,0.12649598098640857,0
2368,S02368,51,Mobile,5,144,7,0,Product,0.23317021258849652,0
2369,S02369,45,Tablet,2,672,15,2,Sign Up,0.21021080829209027,0
2370,S02370,43,Tablet,4,280,17,3,Browse,0.18290444045582077,1
2371,S02371,42,Mobile,3,389,10,4,Browse,0.15230032654710948,0
2372,S02372,45,Desktop,5,524,8,5,Add to Cart,0.14255688953760492,0
2373,S02373,42,Mobile,3,637,3,7,Browse,0.05,0
2374,S02374,56,Mobile,5,68,3,6,Add to Cart,0.05,0
2375,S02375,47,Mobile,2,337,1,9,Sign Up,0.11719730270700827,0
2376,S02376,19,Mobile,5,861,21,4,Add to Cart,0.05,0
2377,S02377,35,Mobile,6,342,21,2,Add to Cart,0.14127199375833455,0
2378,S02378,31,Desktop,4,716,8,2,Product,0.14795207908376143,0
2379,S02379,41,Desktop,5,769,18,5,Add to Cart,0.05,0
2380,S02380,33,Mobile,7,252,1,8,Checkout,0.05,0
2381,S02381,33,Mobile,6,745,7,7,Checkout,0.08633949485114155,0
2382,S02382,46,Mobile,6,549,6,4,Add to Cart,0.18141132131983637,0
2383,S02383,40,Mobile,5,627,26,7,Add to Cart,0.05,0
2384,S02384,55,Mobile,5,300,9,5,Add to Cart,0.05,0
2385,S02385,49,Mobile,2,676,5,8,Sign Up,0.15068755464926903,0
2386,S02386,26,Tablet,6,211,11,5,Checkout,0.06384242533051943,0
2387,S02387,41,Mobile,2,457,29,3,Sign Up,0.05,0
2388,S02388,21,Mobile,4,793,26,7,Product,0.05,0
2389,S02389,36,Mobile,1,687,12,5,Home,0.15343992340079693,0
2390,S02390,47,Mobile,4,773,16,8,Product,0.05,0
2391,S02391,57,Mobile,4,802,21,3,Product,0.18739290208407614,0
2392,S02392,46,Mobile,3,197,28,9,Browse,0.05,0
2393,S02393,42,Mobile,1,492,1,6,Home,0.3071907230183028,0
2394,S02394,32,Mobile,5,609,22,4,Add to Cart,0.05,0
2395,S02395,33,Mobile,2,585,15,7,Sign Up,0.1128158506016144,0
2396,S02396,37,Mobile,2,35,5,0,Sign Up,0.2830469653906824,0
2397,S02397,30,Desktop,7,362,11,1,Purchase,0.14438405578952546,1
2398,S02398,30,Desktop,4,319,27,1,Product,0.1149743204390652,0
2399,S02399,33,Desktop,2,825,3,3,Sign Up,0.1289544389109339,0
2400,S02400,25,Desktop,5,861,8,6,Product,0.05,0
2401,S02401,19,Desktop,3,116,7,1,Browse,0.317908510486442,0
2402,S02402,37,Mobile,4,177,21,1,Product,0.09622106465557356,0
2403,S02403,23,Desktop,4,512,5,5,Product,0.054469189143542394,0
2404,S02404,29,Mobile,5,328,25,9,Add to Cart,0.05,0
2405,S02405,24,Desktop,4,886,15,1,Product,0.13478360071115264,0
2406,S02406,51,Desktop,3,749,1,4,Sign Up,0.05,0
2407,S02407,26,Mobile,7,787,12,7,Purchase,0.05,1
2408,S02408,25,Tablet,5,384,21,1,Product,0.10636388797757354,0
2409,S02409,21,Desktop,5,861,15,7,Add to Cart,0.05,0
2410,S02410,34,Desktop,2,591,13,2,Home,0.24873996227446346,1
2411,S02411,29,Mobile,5,771,22,4,Add to Cart,0.05,0
2412,S02412,55,Mobile,5,223,22,1,Browse,0.05,0
2413,S02413,50,Mobile,2,98,19,8,Sign Up,0.18611802554638576,0
2414,S02414,55,Desktop,7,791,26,9,Product,0.05,0
2415,S02415,52,Mobile,1,112,21,7,Home,0.06696896071611098,0
2416,S02416,57,Tablet,7,212,27,8,Purchase,0.05,0
2417,S02417,47,Mobile,2,699,26,2,Sign Up,0.11672021070316349,0
2418,S02418,45,Desktop,3,462,9,7,Sign Up,0.18055354339052712,0
2419,S02419,32,Mobile,3,110,19,9,Sign Up,0.12233665119269754,0
2420,S02420,50,Mobile,6,447,17,4,Checkout,0.05,0
2421,S02421,19,Mobile,6,159,8,1,Add to Cart,0.1258637253527753,0
2422,S02422,54,Mobile,7,580,16,6,Purchase,0.05,0
2423,S02423,58,Mobile,3,426,13,4,Browse,0.2474784633136335,0
2424,S02424,45,Mobile,5,641,25,1,Add to Cart,0.08893245881502918,0
2425,S02425,21,Mobile,3,482,25,4,Browse,0.14259002859194086,0
2426,S02426,28,Mobile,7,637,23,3,Add to Cart,0.05,0
2427,S02427,40,Mobile,6,265,29,8,Add to Cart,0.05,0
2428,S02428,37,Mobile,5,749,3,7,Add to Cart,0.05,0
2429,S02429,22,Tablet,7,270,26,6,Purchase,0.05,0
2430,S02430,34,Mobile,1,574,18,9,Home,0.13076448592108442,0
2431,S02431,56,Desktop,2,568,9,0,Sign Up,0.2538502170145813,0
2432,S02432,53,Mobile,2,452,3,4,Sign Up,0.10215691087459891,0
2433,S02433,42,Mobile,2,139,29,2,Home,0.12454725864222436,0
2434,S02434,40,Desktop,5,585,4,0,Product,0.17373719135847768,0
2435,S02435,38,Desktop,5,722,15,9,Product,0.05,0
2436,S02436,30,Tablet,4,886,19,8,Product,0.05,0
2437,S02437,45,Mobile,3,145,9,2,Browse,0.17150671927980524,0
2438,S02438,28,Tablet,5,320,27,3,Add to Cart,0.05,0
2439,S02439,28,Mobile,6,340,12,2,Add to Cart,0.1138238001225474,0
2440,S02440,34,Desktop,7,395,16,6,Purchase,0.0610649396933009,0
2441,S02441,29,Mobile,1,248,8,2,Home,0.3005641782977367,0
2442,S02442,31,Mobile,2,43,14,3,Sign Up,0.3148975140181025,0
2443,S02443,20,Desktop,5,837,18,2,Add to Cart,0.15233921583361457,0
2444,S02444,57,Mobile,6,606,1,7,Checkout,0.05,0
2445,S02445,38,Mobile,1,502,27,6,Home,0.05,0
2446,S02446,51,Mobile,5,307,2,3,Add to Cart,0.29605036007296914,0
2447,S02447,35,Mobile,3,299,15,8,Sign Up,0.05,0
2448,S02448,23,Desktop,5,565,29,8,Add to Cart,0.05,0
2449,S02449,50,Tablet,1,74,11,0,Home,0.37305026730346735,0
2450,S02450,42,Mobile,3,54,11,1,Sign Up,0.22536652630100762,0
2451,S02451,51,Mobile,3,628,26,8,Browse,0.05,0
2452,S02452,41,Mobile,4,777,26,3,Sign Up,0.05,0
2453,S02453,33,Mobile,4,870,28,7,Product,0.05,0
2454,S02454,22,Mobile,2,811,14,8,Sign Up,0.09888462782784593,0
2455,S02455,51,Mobile,4,614,1,3,Browse,0.20188063980560436,0
2456,S02456,44,Desktop,4,154,13,8,Product,0.061048533115590026,0
2457,S02457,27,Desktop,3,28,8,2,Browse,0.32184625972748576,0
2458,S02458,27,Mobile,3,735,13,7,Sign Up,0.1495813336337071,0
2459,S02459,26,Tablet,5,668,1,7,Add to Cart,0.05,0
2460,S02460,58,Tablet,3,590,28,9,Browse,0.05,0
2461,S02461,57,Mobile,5,889,10,3,Browse,0.05,0
2462,S02462,25,Desktop,2,383,27,3,Sign Up,0.24820080373264697,0
2463,S02463,19,Mobile,6,212,12,2,Checkout,0.05,0
2464,S02464,53,Mobile,1,319,23,3,Home,0.1246440708772005,1
2465,S02465,55,Tablet,4,642,18,0,Browse,0.2945515887353026,0
2466,S02466,39,Mobile,6,441,16,9,Checkout,0.08367762917175418,0
2467,S02467,22,Tablet,3,600,5,7,Browse,0.05,0
2468,S02468,48,Mobile,7,247,16,9,Purchase,0.05,0
2469,S02469,55,Mobile,4,39,3,6,Product,0.22828677553256738,0
2470,S02470,54,Mobile,4,629,2,3,Product,0.13381850715096105,0
2471,S02471,29,Mobile,3,511,16,9,Browse,0.05,0
2472,S02472,48,Mobile,6,702,11,5,Add to Cart,0.05,0
2473,S02473,29,Mobile,1,270,3,1,Home,0.2922954661177554,0
2474,S02474,25,Mobile,2,320,25,7,Sign Up,0.05,0
2475,S02475,30,Desktop,6,116,7,0,Product,0.21759782773363734,0
2476,S02476,34,Mobile,6,893,9,3,Add to Cart,0.05,0
2477,S02477,47,Desktop,4,880,25,6,Product,0.08036661249145341,0
2478,S02478,36,Mobile,7,625,17,6,Purchase,0.05,0
2479,S02479,51,Desktop,3,127,12,4,Browse,0.24098827105418122,0
2480,S02480,36,Desktop,5,734,9,0,Add to Cart,0.09987720595428257,0
2481,S02481,21,Tablet,3,869,23,1,Sign Up,0.2550383012491889,0
2482,S02482,49,Mobile,1,72,23,0,Home,0.19731122509395005,0
2483,S02483,48,Mobile,3,258,12,8,Browse,0.11569164788117697,0
2484,S02484,44,Mobile,7,440,3,9,Purchase,0.05,0
2485,S02485,37,Desktop,5,656,5,9,Add to Cart,0.05,0
2486,S02486,53,Mobile,5,692,18,2,Add to Cart,0.05,0
2487,S02487,52,Mobile,6,720,18,4,Product,0.05,0
2488,S02488,28,Tablet,6,570,3,6,Add to Cart,0.05,0
2489,S02489,38,Desktop,1,402,20,4,Home,0.13315172787885252,0
2490,S02490,52,Desktop,4,583,14,8,Product,0.05,0
2491,S02491,21,Tablet,6,67,27,1,Checkout,0.07804296062519721,0
2492,S02492,24,Desktop,3,146,7,6,Sign Up,0.05,0
2493,S02493,24,Desktop,2,491,19,1,Sign Up,0.14999532165844412,0
2494,S02494,19,Desktop,2,377,25,2,Sign Up,0.2586101530353374,0
2495,S02495,30,Mobile,5,192,6,5,Add to Cart,0.05,0
2496,S02496,36,Mobile,1,484,19,2,Home,0.274250549104258,0
2497,S02497,33,Mobile,3,631,27,6,Browse,0.05,0
2498,S02498,22,Desktop,7,862,17,7,Purchase,0.05,0
2499,S02499,52,Mobile,6,291,23,9,Add to Cart,0.05,0
2500,S02500,56,Desktop,3,54,13,5,Browse,0.2899677536320557,0
2501,S02501,29,Mobile,7,685,11,5,Purchase,0.05,0
2502,S02502,52,Mobile,4,584,6,6,Product,0.15831242963173767,0
2503,S02503,35,Tablet,5,674,26,6,Add to Cart,0.05,0
2504,S02504,56,Mobile,4,556,8,7,Product,0.10021320208330459,0
2505,S02505,25,Mobile,7,721,23,9,Browse,0.05,0
2506,S02506,42,Desktop,2,874,17,9,Sign Up,0.05,0
2507,S02507,26,Mobile,4,207,26,5,Product,0.05,0
2508,S02508,47,Desktop,1,315,14,9,Home,0.12478581841720625,0
2509,S02509,38,Mobile,7,852,12,5,Purchase,0.05,0
2510,S02510,28,Desktop,5,78,26,6,Add to Cart,0.05,0
2511,S02511,46,Mobile,6,192,22,0,Checkout,0.05,0
2512,S02512,22,Tablet,1,494,10,7,Home,0.34944230310136115,1
2513,S02513,21,Mobile,2,810,13,5,Sign Up,0.05,0
2514,S02514,28,Mobile,6,778,25,4,Checkout,0.06509233232036922,0
2515,S02515,27,Tablet,1,814,8,5,Home,0.05,0
2516,S02516,38,Mobile,3,795,25,0,Browse,0.05,0
2517,S02517,23,Desktop,4,339,5,6,Browse,0.11271445083689352,0
2518,S02518,24,Mobile,2,797,12,1,Sign Up,0.24152816451496056,0
2519,S02519,24,Desktop,5,116,15,0,Product,0.06803271984292819,0
2520,S02520,29,Mobile,3,407,6,0,Browse,0.3319123681781562,0
2521,S02521,41,Mobile,1,175,21,7,Home,0.15414479303653922,1
2522,S02522,20,Mobile,1,470,4,5,Home,0.15633264355259527,0
2523,S02523,19,Desktop,5,873,3,2,Add to Cart,0.21986770870339856,0
2524,S02524,52,Mobile,5,718,17,4,Add to Cart,0.05,1
2525,S02525,55,Desktop,5,254,10,7,Add to Cart,0.05,0
2526,S02526,48,Tablet,2,44,8,5,Home,0.2454225713068981,0
2527,S02527,40,Mobile,1,96,6,2,Home,0.18672481028120005,1
2528,S02528,31,Mobile,4,656,13,0,Product,0.061676734150636556,0
2529,S02529,24,Desktop,5,86,16,6,Add to Cart,0.05,0
2530,S02530,39,Mobile,3,91,22,3,Browse,0.22768788685096902,1
2531,S02531,36,Desktop,2,62,24,4,Sign Up,0.10019037895887961,1
2532,S02532,54,Tablet,2,291,22,6,Home,0.2814847760570127,0
2533,S02533,40,Mobile,2,839,15,1,Sign Up,0.26525595313159905,0
2534,S02534,33,Desktop,5,542,11,4,Sign Up,0.19055653222669355,0
2535,S02535,58,Desktop,5,648,26,7,Add to Cart,0.05,0
2536,S02536,22,Desktop,5,64,27,7,Add to Cart,0.05,0
2537,S02537,42,Desktop,6,593,11,3,Add to Cart,0.05,0
2538,S02538,34,Tablet,4,151,5,7,Product,0.1766567173426529,0
2539,S02539,35,Tablet,2,558,1,1,Sign Up,0.2293789491796073,0
2540,S02540,57,Mobile,2,675,12,5,Sign Up,0.16453004270134425,1
2541,S02541,33,Desktop,4,140,10,4,Product,0.06718698976418014,0
2542,S02542,39,Desktop,5,307,3,6,Add to Cart,0.12845595297989293,0
2543,S02543,32,Mobile,2,604,20,3,Sign Up,0.06955699511098482,0
2544,S02544,29,Mobile,6,284,7,2,Product,0.15183128052501182,0
2545,S02545,42,Tablet,3,45,4,9,Browse,0.1698886919596452,0
2546,S02546,52,Tablet,1,757,11,6,Home,0.05,0
2547,S02547,48,Tablet,5,853,10,6,Product,0.05,0
2548,S02548,39,Desktop,3,158,17,2,Browse,0.18715560252118757,1
2549,S02549,45,Desktop,3,673,10,8,Home,0.05,0
2550,S02550,48,Mobile,4,609,15,7,Product,0.10082867519360032,0
2551,S02551,48,Desktop,7,689,23,5,Purchase,0.05,0
2552,S02552,44,Mobile,2,331,20,1,Sign Up,0.3265641114754845,1
2553,S02553,47,Tablet,5,191,18,8,Add to Cart,0.05,0
2554,S02554,43,Mobile,4,792,29,3,Product,0.05,0
2555,S02555,22,Desktop,6,360,29,7,Checkout,0.05,0
2556,S02556,21,Mobile,1,806,27,7,Home,0.15748721888669623,0
2557,S02557,22,Desktop,3,813,10,7,Browse,0.11407633164687317,0
2558,S02558,20,Desktop,6,334,6,4,Checkout,0.11208785882248606,0
2559,S02559,41,Desktop,1,864,29,3,Home,0.05,0
2560,S02560,20,Mobile,7,49,9,8,Purchase,0.05,0
2561,S02561,55,Mobile,3,176,8,8,Browse,0.06125994375016064,0
2562,S02562,24,Tablet,3,419,15,8,Browse,0.05,0
2563,S02563,26,Mobile,7,483,11,1,Purchase,0.09648190898585221,0
2564,S02564,47,Mobile,4,380,18,0,Product,0.19848141313803253,1
2565,S02565,20,Desktop,3,117,6,6,Sign Up,0.0729680987932856,1
2566,S02566,18,Mobile,5,397,21,1,Sign Up,0.05,0
2567,S02567,37,Desktop,1,134,28,0,Home,0.25658693941034455,0
2568,S02568,33,Desktop,6,312,22,9,Checkout,0.05,0
2569,S02569,32,Mobile,2,664,25,3,Sign Up,0.18004540908906677,0
2570,S02570,23,Mobile,3,137,25,1,Browse,0.1425699774323944,0
2571,S02571,23,Mobile,7,139,26,5,Product,0.05,0
2572,S02572,20,Mobile,6,880,3,8,Add to Cart,0.05,0
2573,S02573,53,Mobile,7,595,19,5,Purchase,0.05,0
2574,S02574,47,Mobile,6,501,25,0,Checkout,0.09996662057033268,0
2575,S02575,43,Desktop,4,43,7,3,Browse,0.34297289211033566,0
2576,S02576,46,Desktop,6,62,18,5,Product,0.05,0
2577,S02577,41,Desktop,3,319,19,0,Browse,0.18099050686893298,0
2578,S02578,45,Desktop,3,395,5,7,Browse,0.24194327159778423,0
2579,S02579,31,Mobile,3,646,26,7,Browse,0.092024883713726,0
2580,S02580,30,Mobile,5,752,18,9,Add to Cart,0.05,0
2581,S02581,27,Desktop,7,542,28,7,Checkout,0.05,0
2582,S02582,46,Mobile,1,568,6,9,Home,0.17502338231936956,0
2583,S02583,51,Mobile,6,641,25,3,Checkout,0.05,0
2584,S02584,33,Mobile,6,620,12,2,Checkout,0.05,0
2585,S02585,22,Mobile,3,292,22,2,Sign Up,0.2458282649644531,0
2586,S02586,34,Mobile,7,147,18,0,Product,0.05,0
2587,S02587,46,Desktop,2,621,25,8,Sign Up,0.07981006287865183,0
2588,S02588,47,Tablet,7,545,13,5,Purchase,0.05,1
2589,S02589,57,Mobile,5,766,26,9,Add to Cart,0.05,0
2590,S02590,32,Mobile,6,892,15,8,Add to Cart,0.05,0
2591,S02591,49,Tablet,1,213,9,7,Home,0.32682135297734277,1
2592,S02592,55,Mobile,6,771,6,5,Checkout,0.05,0
2593,S02593,30,Mobile,7,168,16,0,Purchase,0.07114726102126792,0
2594,S02594,59,Desktop,3,263,7,6,Sign Up,0.1925898496556749,0
2595,S02595,35,Desktop,6,875,6,2,Product,0.08260735628565284,0
2596,S02596,54,Mobile,2,639,7,5,Sign Up,0.2500204092110905,0
2597,S02597,51,Tablet,1,845,5,0,Home,0.2859419449240038,1
2598,S02598,18,Mobile,4,579,7,4,Product,0.08572723136164569,0
2599,S02599,38,Tablet,6,475,2,0,Checkout,0.1628320009434383,0
2600,S02600,48,Desktop,6,124,5,3,Add to Cart,0.2790542713173193,0
2601,S02601,47,Mobile,5,528,19,6,Add to Cart,0.05,0
2602,S02602,50,Mobile,4,755,27,9,Product,0.05,0
2603,S02603,49,Mobile,4,539,25,6,Product,0.05,0
2604,S02604,22,Desktop,3,856,3,5,Browse,0.05,0
2605,S02605,25,Mobile,7,397,10,0,Purchase,0.09669412530095378,0
2606,S02606,21,Desktop,2,715,9,2,Home,0.16860008460410106,0
2607,S02607,36,Desktop,1,55,5,1,Home,0.48695827244593953,1
2608,S02608,23,Mobile,2,553,13,7,Sign Up,0.15707665658565007,0
2609,S02609,28,Mobile,4,685,6,2,Product,0.10123960013340567,0
2610,S02610,45,Mobile,1,403,12,9,Home,0.1332870130480139,0
2611,S02611,29,Desktop,2,895,24,7,Sign Up,0.05,0
2612,S02612,27,Desktop,2,499,17,9,Home,0.12075203600376191,0
2613,S02613,27,Mobile,7,124,25,8,Purchase,0.05,0
2614,S02614,46,Desktop,6,314,23,3,Checkout,0.05,1
2615,S02615,56,Desktop,7,195,25,1,Purchase,0.05,0
2616,S02616,51,Mobile,5,240,10,8,Product,0.1980376092016328,0
2617,S02617,49,Tablet,7,640,28,3,Purchase,0.05,0
2618,S02618,53,Mobile,3,780,5,9,Browse,0.16469082446228617,0
2619,S02619,21,Mobile,1,61,13,0,Home,0.350776757958346,0
2620,S02620,40,Mobile,1,646,20,7,Home,0.1971172978418526,0
2621,S02621,34,Desktop,6,645,17,5,Checkout,0.05,0
2622,S02622,31,Mobile,7,863,5,4,Purchase,0.15209270176192985,0
2623,S02623,40,Mobile,5,223,16,0,Add to Cart,0.09667287339673253,1
2624,S02624,35,Desktop,6,790,21,9,Checkout,0.05,0
2625,S02625,30,Mobile,5,849,10,2,Add to Cart,0.05,0
2626,S02626,56,Tablet,7,337,12,5,Purchase,0.05,1
2627,S02627,52,Mobile,5,58,20,4,Add to Cart,0.05,0
2628,S02628,45,Desktop,4,753,21,7,Product,0.05,0
2629,S02629,27,Mobile,5,57,21,2,Add to Cart,0.13618037104264327,0
2630,S02630,24,Mobile,1,810,10,0,Home,0.2473552456437509,0
2631,S02631,52,Desktop,3,578,17,1,Browse,0.1260839311345321,0
2632,S02632,37,Desktop,7,625,25,6,Purchase,0.05,0
2633,S02633,24,Tablet,3,653,5,9,Browse,0.05710886768420424,0
2634,S02634,21,Mobile,4,642,7,7,Product,0.11389992526869264,0
2635,S02635,52,Desktop,7,589,12,4,Purchase,0.05,0
2636,S02636,32,Mobile,4,183,8,5,Product,0.1435896283147946,0
2637,S02637,52,Mobile,5,780,10,4,Add to Cart,0.05,0
2638,S02638,20,Mobile,7,266,1,1,Checkout,0.13451957184433067,0
2639,S02639,35,Mobile,1,216,28,2,Home,0.19836341462486487,0
2640,S02640,44,Mobile,7,246,27,3,Checkout,0.05,0
2641,S02641,39,Desktop,4,828,17,8,Product,0.05,0
2642,S02642,33,Mobile,3,717,27,8,Browse,0.05,0
2643,S02643,38,Mobile,3,284,23,5,Browse,0.05,1
2644,S02644,40,Desktop,4,874,14,1,Product,0.19557477828685774,0
2645,S02645,30,Desktop,7,124,20,7,Purchase,0.05,0
2646,S02646,52,Tablet,3,741,6,6,Sign Up,0.1639958281126222,0
2647,S02647,35,Desktop,4,509,29,5,Product,0.05,0
2648,S02648,23,Desktop,5,165,29,4,Add to Cart,0.05,0
2649,S02649,56,Mobile,4,119,5,8,Product,0.1761989561823765,0
2650,S02650,44,Mobile,4,643,18,4,Product,0.06684475587773143,0
2651,S02651,39,Mobile,6,398,6,0,Checkout,0.06901066008728066,1
2652,S02652,29,Desktop,5,659,4,8,Add to Cart,0.05,0
2653,S02653,50,Desktop,1,288,12,2,Home,0.30627229000242634,0
2654,S02654,54,Desktop,1,409,16,9,Home,0.05,0
2655,S02655,35,Mobile,1,298,15,8,Home,0.13538091797483787,1
2656,S02656,53,Mobile,5,82,26,7,Product,0.05,0
2657,S02657,40,Desktop,3,580,19,2,Browse,0.17885313963574678,0
2658,S02658,57,Mobile,7,790,24,5,Purchase,0.05,0
2659,S02659,44,Mobile,6,526,21,5,Checkout,0.05,0
2660,S02660,19,Desktop,6,662,1,7,Checkout,0.05,0
2661,S02661,40,Desktop,6,785,14,4,Checkout,0.05,0
2662,S02662,35,Desktop,2,723,21,6,Sign Up,0.05,0
2663,S02663,46,Tablet,2,871,16,5,Home,0.17154502305614439,0
2664,S02664,58,Mobile,4,98,11,6,Product,0.21266803089519026,0
2665,S02665,36,Mobile,1,228,20,1,Home,0.33224542615894187,0
2666,S02666,20,Desktop,5,57,22,5,Product,0.06826214724299604,0
2667,S02667,52,Mobile,2,149,28,8,Sign Up,0.05,0
2668,S02668,56,Mobile,4,680,10,7,Product,0.10885647958586804,0
2669,S02669,52,Tablet,7,315,27,3,Add to Cart,0.05,0
2670,S02670,35,Mobile,1,628,20,9,Home,0.05,0
2671,S02671,18,Desktop,1,866,29,1,Home,0.05,0
2672,S02672,19,Desktop,1,178,28,4,Home,0.14238790547425278,0
2673,S02673,47,Mobile,7,423,2,3,Purchase,0.05,0
2674,S02674,47,Mobile,7,519,25,0,Purchase,0.05,0
2675,S02675,22,Mobile,7,203,27,3,Add to Cart,0.05,0
2676,S02676,39,Mobile,6,57,28,4,Add to Cart,0.05,0
2677,S02677,50,Desktop,3,718,29,2,Browse,0.06203667541209144,0
2678,S02678,52,Mobile,5,827,19,1,Product,0.05,0
2679,S02679,48,Mobile,1,621,17,1,Home,0.08788923171267196,0
2680,S02680,27,Mobile,1,194,22,6,Home,0.20839722194029733,0
2681,S02681,36,Desktop,3,277,28,6,Browse,0.05,0
2682,S02682,42,Tablet,2,850,27,0,Sign Up,0.10917053836171724,0
2683,S02683,38,Mobile,2,355,4,1,Home,0.3094417555161921,0
2684,S02684,46,Mobile,1,78,16,5,Home,0.1811765368375857,0
2685,S02685,49,Desktop,1,838,24,2,Home,0.0987852718643536,1
2686,S02686,38,Mobile,1,114,27,3,Home,0.22605228352918738,0
2687,S02687,44,Mobile,7,486,15,1,Purchase,0.05,0
2688,S02688,29,Mobile,6,514,5,1,Add to Cart,0.0876741182176471,0
2689,S02689,50,Desktop,3,479,11,5,Browse,0.2313439880746907,0
2690,S02690,24,Tablet,1,494,8,4,Home,0.051366222901058495,0
2691,S02691,57,Mobile,7,208,19,3,Purchase,0.05,0
2692,S02692,21,Desktop,6,500,6,7,Checkout,0.05,0
2693,S02693,27,Tablet,6,744,20,0,Add to Cart,0.05,0
2694,S02694,37,Mobile,5,278,29,4,Add to Cart,0.05,1
2695,S02695,43,Mobile,3,647,29,9,Sign Up,0.05,0
2696,S02696,40,Mobile,4,254,19,6,Browse,0.05,0
2697,S02697,38,Desktop,5,854,6,7,Add to Cart,0.05,0
2698,S02698,27,Mobile,4,814,18,7,Product,0.1240491293554095,0
2699,S02699,33,Mobile,5,195,1,4,Add to Cart,0.3406787500240508,1
2700,S02700,38,Mobile,3,819,24,3,Browse,0.05,0
2701,S02701,41,Mobile,3,389,2,0,Browse,0.2724544563826953,0
2702,S02702,55,Mobile,3,130,26,9,Browse,0.12064904512572577,0
2703,S02703,59,Desktop,7,690,12,5,Checkout,0.05,0
2704,S02704,53,Desktop,7,356,25,2,Purchase,0.05,0
2705,S02705,33,Mobile,5,521,23,9,Add to Cart,0.05,0
2706,S02706,31,Mobile,5,120,4,3,Browse,0.12968711777727304,0
2707,S02707,47,Mobile,5,346,21,3,Product,0.13466106955495355,0
2708,S02708,27,Mobile,2,118,28,3,Sign Up,0.07336742281742582,0
2709,S02709,19,Desktop,6,386,18,2,Checkout,0.05,0
2710,S02710,43,Desktop,2,407,18,4,Sign Up,0.14627506846982133,1
2711,S02711,24,Tablet,2,677,24,8,Sign Up,0.06845804646238604,0
2712,S02712,41,Desktop,1,605,7,9,Home,0.11955402981896988,0
2713,S02713,46,Mobile,5,837,27,9,Add to Cart,0.05,0
2714,S02714,26,Mobile,7,348,29,9,Purchase,0.05,0
2715,S02715,25,Mobile,4,584,6,6,Browse,0.16253008075014097,0
2716,S02716,57,Desktop,4,37,1,8,Browse,0.11458753444143921,0
2717,S02717,22,Desktop,6,728,11,2,Checkout,0.061554861568085505,0
2718,S02718,22,Desktop,5,67,7,2,Add to Cart,0.07720719908282614,1
2719,S02719,18,Mobile,6,570,18,8,Add to Cart,0.05,0
2720,S02720,30,Mobile,4,288,18,2,Product,0.10103441401170846,0
2721,S02721,45,Mobile,1,361,19,2,Home,0.14230845630994002,0
2722,S02722,37,Desktop,2,352,15,0,Sign Up,0.23395526697606486,0
2723,S02723,34,Desktop,7,618,15,3,Purchase,0.05,0
2724,S02724,33,Mobile,1,482,13,0,Home,0.2820251862308895,0
2725,S02725,44,Tablet,4,866,4,2,Product,0.05,0
2726,S02726,54,Mobile,3,886,8,3,Browse,0.05,0
2727,S02727,30,Mobile,6,454,18,3,Checkout,0.09803934546906311,0
2728,S02728,50,Mobile,6,229,24,4,Checkout,0.05,0
2729,S02729,33,Mobile,2,174,7,3,Sign Up,0.2839913882653361,0
2730,S02730,46,Desktop,3,428,29,9,Browse,0.05580927652355906,0
2731,S02731,31,Mobile,4,517,14,0,Product,0.328968887404547,1
2732,S02732,42,Tablet,1,561,5,4,Home,0.3788914845403577,1
2733,S02733,59,Mobile,3,372,5,0,Sign Up,0.07500838978737923,0
2734,S02734,49,Mobile,1,185,2,8,Home,0.3029734986576448,1
2735,S02735,28,Tablet,3,304,1,2,Browse,0.05659826056802575,0
2736,S02736,25,Tablet,7,724,7,1,Checkout,0.0910857871295172,0
2737,S02737,44,Tablet,3,229,3,5,Browse,0.11158881053347715,0
2738,S02738,32,Mobile,5,217,16,8,Add to Cart,0.10796501959749522,0
2739,S02739,44,Mobile,4,709,3,4,Product,0.05,0
2740,S02740,38,Tablet,7,327,5,0,Add to Cart,0.20556111238436453,1
2741,S02741,47,Mobile,4,624,27,8,Product,0.05,0
2742,S02742,32,Mobile,5,602,22,7,Browse,0.05,0
2743,S02743,48,Desktop,4,106,29,6,Product,0.05,0
2744,S02744,35,Mobile,5,506,5,8,Add to Cart,0.18373705403748272,0
2745,S02745,55,Tablet,3,753,26,3,Browse,0.1428843519378607,0
2746,S02746,56,Desktop,3,68,11,9,Browse,0.2639308272509571,0
2747,S02747,58,Mobile,4,661,23,3,Product,0.05,0
2748,S02748,27,Desktop,4,223,26,6,Browse,0.05,0
2749,S02749,59,Mobile,7,26,28,9,Purchase,0.05,0
2750,S02750,31,Mobile,6,430,8,0,Checkout,0.1465069929055744,0
2751,S02751,22,Mobile,7,633,28,2,Purchase,0.05,0
2752,S02752,25,Mobile,1,191,19,1,Home,0.2235391535839177,0
2753,S02753,29,Mobile,5,123,2,7,Add to Cart,0.16544867346442527,0
2754,S02754,44,Desktop,5,443,20,6,Add to Cart,0.15345902346807505,1
2755,S02755,22,Desktop,1,824,2,3,Home,0.0743119136696237,0
2756,S02756,27,Mobile,4,843,21,8,Product,0.05,0
2757,S02757,58,Mobile,5,429,6,0,Add to Cart,0.07411018937823731,0
2758,S02758,27,Mobile,4,327,10,0,Product,0.2768270206515344,0
2759,S02759,54,Desktop,2,145,29,6,Sign Up,0.05,0
2760,S02760,44,Mobile,3,326,29,6,Browse,0.13039460446390574,0
2761,S02761,42,Mobile,5,672,5,9,Sign Up,0.05,0
2762,S02762,32,Mobile,5,612,9,7,Add to Cart,0.12353986928698436,0
2763,S02763,37,Mobile,3,79,3,9,Sign Up,0.1606161968355639,0
2764,S02764,51,Desktop,3,216,11,7,Browse,0.11178352801052513,0
2765,S02765,32,Desktop,6,254,7,5,Checkout,0.11358647501101837,0
2766,S02766,22,Desktop,3,368,16,2,Browse,0.20346565429007119,0
2767,S02767,44,Mobile,1,672,26,5,Home,0.08328007826900768,0
2768,S02768,18,Mobile,7,27,11,0,Purchase,0.20402132501799325,0
2769,S02769,48,Desktop,3,464,26,6,Browse,0.05,0
2770,S02770,19,Mobile,7,231,16,9,Purchase,0.05,0
2771,S02771,57,Tablet,5,330,14,0,Add to Cart,0.1899393874646863,1
2772,S02772,38,Desktop,1,832,12,8,Home,0.05,0
2773,S02773,41,Desktop,3,232,18,5,Browse,0.32768722632904435,0
2774,S02774,48,Mobile,7,243,5,0,Purchase,0.15827598073133697,0
2775,S02775,22,Mobile,6,146,14,3,Checkout,0.13680480662828287,0
2776,S02776,18,Mobile,7,751,8,2,Add to Cart,0.05,0
2777,S02777,23,Tablet,2,561,9,3,Sign Up,0.20919875119141407,0
2778,S02778,49,Desktop,1,275,22,5,Home,0.12515368992229442,0
2779,S02779,19,Desktop,4,852,9,7,Product,0.05,0
2780,S02780,19,Desktop,5,791,18,7,Add to Cart,0.05,0
2781,S02781,23,Desktop,3,361,11,5,Home,0.21108914658397418,0
2782,S02782,54,Desktop,7,666,18,9,Purchase,0.05,0
2783,S02783,46,Desktop,2,265,7,1,Sign Up,0.3426873430917441,0
2784,S02784,22,Desktop,4,802,26,7,Browse,0.05,0
2785,S02785,28,Desktop,7,588,21,4,Checkout,0.05,0
2786,S02786,58,Desktop,6,538,12,7,Checkout,0.05,0
2787,S02787,59,Desktop,2,141,28,4,Sign Up,0.05,0
2788,S02788,52,Desktop,6,71,20,5,Checkout,0.05,0
2789,S02789,33,Mobile,3,623,29,5,Browse,0.05,0
2790,S02790,54,Mobile,4,103,4,5,Product,0.26944028464744596,1
2791,S02791,26,Mobile,6,446,9,4,Checkout,0.05,0
2792,S02792,49,Desktop,7,715,21,2,Purchase,0.05,1
2793,S02793,34,Desktop,1,680,23,5,Home,0.2939864106961666,0
2794,S02794,25,Mobile,4,718,29,0,Product,0.05,0
2795,S02795,43,Mobile,3,886,9,7,Browse,0.057643639487934016,0
2796,S02796,25,Desktop,1,393,5,3,Home,0.3642211691763616,1
2797,S02797,42,Mobile,2,540,6,5,Sign Up,0.19567599657257215,1
2798,S02798,27,Desktop,1,416,4,9,Home,0.18324722807931934,0
2799,S02799,58,Desktop,6,554,10,7,Checkout,0.05,0
2800,S02800,58,Mobile,2,741,5,9,Sign Up,0.06896162896723454,0
2801,S02801,30,Desktop,7,182,20,2,Purchase,0.1587976382768907,0
2802,S02802,58,Desktop,2,41,24,7,Sign Up,0.06623738334068287,0
2803,S02803,34,Desktop,4,224,24,1,Browse,0.0992970531115603,0
2804,S02804,37,Tablet,3,561,18,5,Browse,0.0628982783682801,0
2805,S02805,25,Desktop,5,324,10,4,Add to Cart,0.18783721775924206,0
2806,S02806,42,Mobile,3,882,21,6,Browse,0.21356421215925897,0
2807,S02807,42,Mobile,5,751,23,2,Add to Cart,0.05,0
2808,S02808,50,Desktop,5,240,26,2,Add to Cart,0.05,0
2809,S02809,19,Mobile,5,524,9,3,Add to Cart,0.0852520007220072,0
2810,S02810,26,Mobile,5,807,21,1,Add to Cart,0.05,0
2811,S02811,27,Desktop,6,488,22,0,Checkout,0.05,0
2812,S02812,20,Mobile,2,890,25,1,Sign Up,0.0886266157033466,1
2813,S02813,57,Mobile,3,699,23,5,Sign Up,0.1577526472487421,0
2814,S02814,46,Desktop,6,828,22,7,Add to Cart,0.05,0
2815,S02815,21,Desktop,7,551,15,6,Checkout,0.05,0
2816,S02816,22,Desktop,3,803,18,8,Browse,0.05,0
2817,S02817,58,Mobile,2,197,20,7,Home,0.2664103604401905,0
2818,S02818,39,Desktop,2,441,14,4,Sign Up,0.24196324721813384,1
2819,S02819,21,Mobile,5,108,13,3,Product,0.18961506369917036,0
2820,S02820,58,Tablet,6,329,24,1,Checkout,0.21510752234111907,0
2821,S02821,34,Mobile,2,87,12,1,Sign Up,0.14012095804571165,0
2822,S02822,44,Mobile,3,390,11,3,Browse,0.24618636974678493,0
2823,S02823,58,Mobile,1,161,5,5,Home,0.18415473160892404,0
2824,S02824,29,Desktop,7,216,1,8,Purchase,0.05,0
2825,S02825,39,Desktop,4,84,4,6,Product,0.10649793939349242,0
2826,S02826,52,Desktop,6,63,15,7,Add to Cart,0.05,0
2827,S02827,22,Desktop,1,325,20,5,Home,0.2157775450758042,0
2828,S02828,41,Mobile,2,743,17,2,Sign Up,0.10990563232321351,0
2829,S02829,21,Mobile,5,310,22,1,Add to Cart,0.05,0
2830,S02830,38,Desktop,2,44,18,4,Sign Up,0.3289273678192406,1
2831,S02831,41,Desktop,3,478,29,4,Browse,0.05,0
2832,S02832,52,Mobile,2,842,24,4,Sign Up,0.05,0
2833,S02833,29,Mobile,2,688,3,6,Sign Up,0.17696217906725492,0
2834,S02834,33,Tablet,5,835,28,8,Add to Cart,0.05,0
2835,S02835,44,Tablet,7,369,1,0,Add to Cart,0.05,0
2836,S02836,42,Mobile,2,548,27,6,Sign Up,0.05,0
2837,S02837,47,Tablet,1,751,13,4,Home,0.2811138533193165,0
2838,S02838,23,Mobile,4,90,13,6,Sign Up,0.07932191115162976,0
2839,S02839,49,Desktop,1,872,19,1,Home,0.05,0
2840,S02840,43,Mobile,7,341,26,5,Add to Cart,0.05,0
2841,S02841,37,Desktop,3,103,19,9,Browse,0.09366365950921057,0
2842,S02842,39,Mobile,6,705,11,0,Checkout,0.11090899982019853,0
2843,S02843,45,Desktop,7,788,29,1,Purchase,0.05,0
2844,S02844,27,Desktop,3,724,23,3,Browse,0.12023004439635886,0
2845,S02845,33,Desktop,4,675,9,5,Product,0.058505905701625824,0
2846,S02846,23,Mobile,2,867,24,0,Sign Up,0.05,0
2847,S02847,30,Mobile,6,537,25,4,Checkout,0.05,0
2848,S02848,47,Mobile,7,554,4,3,Purchase,0.08917644419069494,0
2849,S02849,43,Desktop,5,623,15,8,Add to Cart,0.05,0
2850,S02850,49,Mobile,5,634,8,1,Product,0.18787398475153733,0
2851,S02851,30,Mobile,1,497,16,0,Home,0.2001574504106681,1
2852,S02852,52,Mobile,5,685,6,6,Add to Cart,0.11463777128886153,0
2853,S02853,28,Mobile,6,574,29,7,Add to Cart,0.05,0
2854,S02854,54,Mobile,5,619,6,5,Add to Cart,0.06765708297238719,0
2855,S02855,26,Mobile,3,405,8,3,Sign Up,0.1758775148176719,1
2856,S02856,19,Tablet,4,842,18,6,Browse,0.05,1
2857,S02857,57,Mobile,1,794,6,6,Home,0.06574290720281718,0
2858,S02858,50,Mobile,7,179,1,9,Checkout,0.05,1
2859,S02859,56,Mobile,6,262,14,0,Browse,0.1444850139093377,0
2860,S02860,34,Tablet,3,85,5,3,Browse,0.26523127417122777,0
2861,S02861,40,Mobile,3,509,1,8,Browse,0.09272509999815376,0
2862,S02862,31,Mobile,2,191,20,3,Sign Up,0.13095968140891623,0
2863,S02863,27,Mobile,4,832,15,1,Product,0.09396560159492273,0
2864,S02864,37,Mobile,4,640,6,6,Product,0.1220866190486212,1
2865,S02865,52,Mobile,3,289,22,3,Sign Up,0.08226734341788211,0
2866,S02866,33,Desktop,3,468,10,9,Browse,0.05,0
2867,S02867,26,Mobile,4,753,16,7,Product,0.0775193972233369,0
2868,S02868,51,Mobile,1,522,22,9,Home,0.10635161361653939,0
2869,S02869,55,Desktop,5,869,22,5,Sign Up,0.05,0
2870,S02870,38,Desktop,1,427,3,9,Home,0.16754819919497346,0
2871,S02871,29,Mobile,7,245,1,3,Add to Cart,0.05,0
2872,S02872,42,Desktop,4,117,6,5,Product,0.05,0
2873,S02873,25,Mobile,3,109,13,7,Browse,0.20692203812294419,0
2874,S02874,32,Mobile,4,655,5,4,Product,0.14418694861283368,0
2875,S02875,48,Desktop,2,297,29,3,Home,0.21419899756656224,1
2876,S02876,34,Mobile,3,792,26,8,Browse,0.05,0
2877,S02877,27,Desktop,5,651,14,7,Add to Cart,0.05,0
2878,S02878,22,Desktop,1,348,2,0,Home,0.33739550908502847,0
2879,S02879,32,Mobile,7,262,24,5,Purchase,0.05,0
2880,S02880,51,Tablet,7,492,7,7,Purchase,0.05,0
2881,S02881,30,Mobile,6,753,28,5,Browse,0.05,0
2882,S02882,52,Mobile,6,658,28,3,Add to Cart,0.05,0
2883,S02883,24,Mobile,3,524,5,1,Browse,0.17614646613816903,0
2884,S02884,40,Desktop,7,340,1,1,Purchase,0.19104992077702312,1
2885,S02885,31,Tablet,4,133,22,3,Sign Up,0.1273149560542451,0
2886,S02886,37,Mobile,6,48,13,5,Add to Cart,0.05,0
2887,S02887,50,Tablet,2,47,27,5,Sign Up,0.16204593912238136,1
2888,S02888,42,Mobile,1,394,10,5,Home,0.2630283920155245,0
2889,S02889,32,Mobile,6,825,17,6,Product,0.05,0
2890,S02890,38,Mobile,6,672,16,7,Checkout,0.05,0
2891,S02891,47,Tablet,1,431,10,8,Home,0.20831259893997248,0
2892,S02892,55,Tablet,4,511,9,6,Product,0.07896533680964654,0
2893,S02893,32,Mobile,7,646,12,7,Add to Cart,0.05,0
2894,S02894,22,Desktop,3,852,20,9,Sign Up,0.05,0
2895,S02895,56,Desktop,1,239,7,0,Home,0.2759179613817444,0
2896,S02896,32,Desktop,1,516,24,7,Home,0.05,0
2897,S02897,37,Mobile,2,175,6,7,Sign Up,0.18147808584093353,0
2898,S02898,53,Mobile,4,200,5,0,Product,0.3127036479033745,1
2899,S02899,53,Mobile,3,142,22,0,Browse,0.15916343609119563,0
2900,S02900,57,Desktop,1,154,15,9,Home,0.253541214698616,0
2901,S02901,36,Mobile,5,397,5,8,Add to Cart,0.05,0
2902,S02902,51,Mobile,3,522,27,8,Sign Up,0.10050357103718925,0
2903,S02903,38,Desktop,1,535,4,0,Home,0.24209207056372462,0
2904,S02904,31,Mobile,1,529,9,9,Home,0.23246814762863977,1
2905,S02905,33,Mobile,2,684,18,1,Sign Up,0.05311936670637912,0
2906,S02906,48,Mobile,7,169,14,8,Checkout,0.05,0
2907,S02907,22,Tablet,3,711,14,1,Sign Up,0.08843686385240698,0
2908,S02908,43,Mobile,2,544,29,8,Sign Up,0.05,1
2909,S02909,51,Mobile,6,95,19,2,Checkout,0.07770081119022496,0
2910,S02910,40,Mobile,3,60,4,5,Browse,0.31606657432094004,1
2911,S02911,47,Mobile,5,266,15,8,Add to Cart,0.1589121185605091,0
2912,S02912,43,Mobile,6,506,9,4,Checkout,0.05,0
2913,S02913,36,Desktop,4,790,15,2,Product,0.07367684552954536,0
2914,S02914,58,Mobile,2,864,2,3,Home,0.1325868730709152,0
2915,S02915,22,Desktop,3,397,10,1,Browse,0.16159696968478812,0
2916,S02916,29,Tablet,6,52,24,4,Checkout,0.05,0
2917,S02917,46,Desktop,2,88,6,1,Sign Up,0.28017884268410925,0
2918,S02918,52,Desktop,1,185,22,0,Home,0.1372094636324761,1
2919,S02919,18,Desktop,6,71,21,9,Checkout,0.05,0
2920,S02920,23,Mobile,7,201,9,1,Purchase,0.09118650517045832,0
2921,S02921,54,Mobile,5,690,11,6,Product,0.05,0
2922,S02922,34,Mobile,2,283,23,5,Home,0.1512268658572108,0
2923,S02923,40,Desktop,5,148,14,1,Add to Cart,0.07944153132811245,0
2924,S02924,19,Mobile,3,632,13,6,Browse,0.21383144840862928,0
2925,S02925,42,Mobile,4,58,26,7,Product,0.05,0
2926,S02926,20,Desktop,5,539,4,3,Product,0.18500093819435437,1
2927,S02927,43,Desktop,7,549,20,5,Purchase,0.05,0
2928,S02928,32,Mobile,5,702,3,3,Add to Cart,0.1535406163467183,0
2929,S02929,25,Desktop,2,868,13,5,Sign Up,0.05,0
2930,S02930,29,Mobile,5,453,7,0,Product,0.10324668828439157,0
2931,S02931,19,Mobile,7,819,24,5,Purchase,0.05,1
2932,S02932,44,Mobile,4,784,12,3,Product,0.06386913790654743,0
2933,S02933,32,Tablet,6,592,23,0,Add to Cart,0.18695457080788935,0
2934,S02934,56,Mobile,4,229,11,4,Product,0.26068424237877147,1
2935,S02935,52,Desktop,3,378,19,3,Browse,0.05520301648254754,0
2936,S02936,50,Mobile,5,619,19,6,Add to Cart,0.05,0
2937,S02937,57,Mobile,4,208,20,3,Product,0.20481445493379546,0
2938,S02938,24,Tablet,6,63,16,0,Checkout,0.18727165691777675,1
2939,S02939,24,Mobile,2,94,10,5,Sign Up,0.19523153609334765,0
2940,S02940,52,Desktop,5,74,18,6,Add to Cart,0.05,0
2941,S02941,23,Mobile,3,391,22,4,Browse,0.30435472885248294,0
2942,S02942,36,Desktop,6,599,21,2,Add to Cart,0.05,0
2943,S02943,53,Desktop,1,830,16,2,Home,0.1892177128052631,0
2944,S02944,44,Desktop,2,540,10,2,Sign Up,0.13177814249425318,0
2945,S02945,27,Mobile,1,462,25,6,Home,0.05,0
2946,S02946,22,Desktop,3,896,26,5,Browse,0.05,0
2947,S02947,43,Tablet,1,252,23,9,Home,0.1400943757196445,0
2948,S02948,27,Mobile,2,843,22,1,Sign Up,0.1089965864086272,0
2949,S02949,39,Desktop,5,862,21,2,Add to Cart,0.05,0
2950,S02950,37,Desktop,6,675,7,1,Add to Cart,0.05,0
2951,S02951,22,Mobile,5,348,17,4,Add to Cart,0.05600591817986059,0
2952,S02952,28,Desktop,3,322,10,3,Sign Up,0.2515875718150815,0
2953,S02953,26,Desktop,3,141,17,7,Browse,0.19339218124201019,0
2954,S02954,29,Mobile,2,792,7,2,Sign Up,0.22322740632558163,1
2955,S02955,55,Desktop,1,680,17,7,Home,0.050280885598009806,0
2956,S02956,42,Desktop,3,437,10,9,Sign Up,0.09486738747917868,0
2957,S02957,37,Tablet,2,340,16,3,Sign Up,0.25500084646111976,0
2958,S02958,55,Mobile,1,656,20,3,Home,0.12025275443393477,1
2959,S02959,27,Desktop,7,786,29,0,Checkout,0.05,0
2960,S02960,18,Desktop,2,535,20,1,Sign Up,0.24366961554454455,0
2961,S02961,57,Mobile,7,402,6,5,Purchase,0.05,0
2962,S02962,30,Tablet,6,68,22,8,Product,0.05,0
2963,S02963,39,Mobile,2,798,3,6,Sign Up,0.1954585331837467,0
2964,S02964,38,Mobile,4,464,15,0,Product,0.08658284972779733,0
2965,S02965,45,Desktop,2,138,6,9,Sign Up,0.12158032562127935,1
2966,S02966,19,Mobile,2,55,2,0,Sign Up,0.3278845851345494,0
2967,S02967,32,Mobile,3,446,1,8,Browse,0.1788731174863501,0
2968,S02968,19,Desktop,7,124,29,1,Checkout,0.05,0
2969,S02969,44,Mobile,6,781,27,7,Checkout,0.05,0
2970,S02970,36,Desktop,5,785,7,9,Product,0.05,0
2971,S02971,50,Mobile,4,99,5,1,Product,0.2859086044759921,0
2972,S02972,58,Mobile,6,556,3,2,Checkout,0.14017618705643192,1
2973,S02973,32,Desktop,7,289,20,7,Purchase,0.05,1
2974,S02974,37,Tablet,5,599,2,6,Product,0.05,0
2975,S02975,28,Mobile,7,523,25,9,Purchase,0.05,0
2976,S02976,30,Mobile,4,200,7,6,Product,0.2316366540763855,0
2977,S02977,52,Mobile,3,668,14,2,Home,0.22720618255047487,0
2978,S02978,58,Mobile,7,461,3,6,Checkout,0.06785022877165732,0
2979,S02979,44,Mobile,4,426,21,3,Product,0.05,0
2980,S02980,57,Mobile,5,152,26,1,Add to Cart,0.1747165190213814,1
2981,S02981,47,Mobile,5,186,17,6,Product,0.05,0
2982,S02982,58,Mobile,1,375,23,9,Home,0.13524793162633036,0
2983,S02983,49,Desktop,2,710,29,2,Sign Up,0.05,0
2984,S02984,33,Mobile,5,241,1,0,Product,0.06643906016833229,0
2985,S02985,41,Mobile,6,47,1,7,Add to Cart,0.08474591028100792,1
2986,S02986,26,Tablet,2,231,8,3,Sign Up,0.25775420307894265,0
2987,S02987,58,Desktop,2,407,20,0,Home,0.2891581767293132,0
2988,S02988,47,Mobile,2,867,8,8,Home,0.05149687979039627,0
2989,S02989,44,Mobile,7,873,22,9,Checkout,0.05,0
2990,S02990,56,Mobile,7,481,19,7,Purchase,0.05,0
2991,S02991,37,Mobile,3,887,16,5,Browse,0.05,0
2992,S02992,20,Mobile,4,462,26,3,Product,0.05,0
2993,S02993,31,Mobile,7,87,20,4,Purchase,0.0678299979819868,0
2994,S02994,29,Mobile,5,33,16,4,Add to Cart,0.05,0
2995,S02995,26,Mobile,7,854,24,5,Purchase,0.05,0
2996,S02996,58,Tablet,3,199,22,4,Browse,0.22498086753463453,0
2997,S02997,34,Tablet,4,491,13,3,Product,0.05614855232690608,0
2998,S02998,37,Mobile,2,194,5,8,Sign Up,0.24396834578848708,0
2999,S02999,48,Mobile,6,243,28,7,Add to Cart,0.05,0
3000,S03000,23,Mobile,4,770,4,1,Browse,0.21948330280481898,0
3001,S03001,27,Mobile,5,88,1,4,Add to Cart,0.18849136142385123,0
3002,S03002,56,Mobile,6,387,27,1,Checkout,0.05,0
3003,S03003,20,Desktop,2,513,22,3,Sign Up,0.14117394745173367,0
3004,S03004,56,Desktop,1,207,16,1,Home,0.32647434746886295,0
3005,S03005,19,Mobile,7,597,22,1,Purchase,0.05,0
3006,S03006,45,Mobile,4,821,14,6,Browse,0.052534386747178065,0
3007,S03007,59,Mobile,1,604,4,6,Home,0.3540206088095999,1
3008,S03008,39,Mobile,7,463,19,7,Checkout,0.05,0
3009,S03009,56,Desktop,7,841,11,3,Checkout,0.05,0
3010,S03010,44,Desktop,7,804,9,1,Purchase,0.05,0
3011,S03011,43,Desktop,2,700,22,6,Sign Up,0.05,0
3012,S03012,35,Mobile,6,638,17,6,Checkout,0.05,0
3013,S03013,36,Mobile,1,104,29,4,Home,0.07209737485406628,0
3014,S03014,28,Mobile,7,250,14,7,Add to Cart,0.12776931535576636,1
3015,S03015,25,Desktop,4,750,8,0,Product,0.13979829539770436,0
3016,S03016,34,Mobile,6,319,25,3,Checkout,0.18346621302816746,0
3017,S03017,41,Desktop,6,460,9,3,Product,0.05,0
3018,S03018,49,Tablet,1,456,22,3,Home,0.213088796316802,1
3019,S03019,30,Tablet,7,595,13,3,Purchase,0.05,0
3020,S03020,24,Mobile,1,296,29,6,Home,0.1590613240896107,0
3021,S03021,57,Desktop,3,539,14,1,Browse,0.136307131222138,0
3022,S03022,29,Desktop,6,527,27,4,Checkout,0.05,0
3023,S03023,59,Desktop,1,509,7,9,Home,0.15500181077244918,0
3024,S03024,25,Mobile,1,610,24,1,Home,0.1316707008637999,0
3025,S03025,19,Tablet,7,124,2,6,Purchase,0.14249111597497072,0
3026,S03026,27,Desktop,7,652,12,6,Purchase,0.05,0
3027,S03027,47,Mobile,6,583,16,6,Checkout,0.05,0
3028,S03028,35,Desktop,3,684,27,6,Browse,0.05,0
3029,S03029,46,Desktop,4,234,10,1,Product,0.3019517349485924,0
3030,S03030,34,Mobile,4,192,18,6,Product,0.09878023641020398,0
3031,S03031,35,Desktop,1,212,14,3,Home,0.3168562767070885,1
3032,S03032,42,Desktop,6,834,26,0,Checkout,0.05,0
3033,S03033,34,Desktop,2,453,27,3,Sign Up,0.05965082743902711,0
3034,S03034,29,Mobile,5,657,7,3,Add to Cart,0.05,0
3035,S03035,47,Desktop,6,778,16,5,Checkout,0.05,0
3036,S03036,39,Desktop,6,510,28,8,Checkout,0.05,0
3037,S03037,23,Desktop,3,842,24,4,Browse,0.05,0
3038,S03038,53,Desktop,1,139,3,2,Home,0.3006348186422726,0
3039,S03039,24,Desktop,3,387,24,2,Browse,0.05,0
3040,S03040,30,Mobile,4,203,16,2,Product,0.16292360103479786,0
3041,S03041,27,Mobile,5,751,25,8,Add to Cart,0.05,0
3042,S03042,20,Mobile,5,332,2,9,Add to Cart,0.23215985596273087,1
3043,S03043,30,Mobile,2,501,22,4,Sign Up,0.05,0
3044,S03044,36,Mobile,1,694,25,7,Home,0.1182692947818697,0
3045,S03045,45,Mobile,5,653,16,9,Add to Cart,0.05,0
3046,S03046,40,Desktop,6,652,15,5,Checkout,0.05,0
3047,S03047,22,Mobile,4,742,5,6,Product,0.15917858522103712,0
3048,S03048,43,Mobile,7,548,9,6,Purchase,0.05,0
3049,S03049,46,Mobile,4,769,9,6,Browse,0.13875848272466995,0
3050,S03050,25,Mobile,5,847,10,1,Add to Cart,0.05,0
3051,S03051,41,Mobile,6,368,14,4,Checkout,0.05,0
3052,S03052,34,Desktop,3,836,16,4,Browse,0.05762603467170986,0
3053,S03053,37,Tablet,3,758,1,7,Browse,0.28220696306090276,0
3054,S03054,28,Mobile,7,31,20,0,Purchase,0.09281842787090422,0
3055,S03055,33,Mobile,4,613,10,2,Product,0.07501358599807229,0
3056,S03056,46,Mobile,2,292,29,7,Home,0.05,0
3057,S03057,24,Mobile,5,494,3,3,Add to Cart,0.16595098869295463,0
3058,S03058,47,Mobile,5,811,20,7,Browse,0.05,0
3059,S03059,39,Mobile,1,540,28,6,Home,0.05,0
3060,S03060,34,Mobile,5,419,17,9,Add to Cart,0.05,0
3061,S03061,59,Desktop,3,540,6,0,Browse,0.2840560173509734,0
3062,S03062,20,Mobile,2,348,17,9,Sign Up,0.13308182534572194,1
3063,S03063,37,Desktop,1,401,10,4,Home,0.181816815639292,0
3064,S03064,58,Desktop,4,786,15,3,Product,0.05,0
3065,S03065,18,Desktop,1,253,2,5,Home,0.24766636796146557,0
3066,S03066,48,Mobile,6,729,17,6,Add to Cart,0.05,0
3067,S03067,58,Mobile,1,560,29,3,Home,0.05,1
3068,S03068,48,Mobile,4,457,21,1,Product,0.08552605739132364,0
3069,S03069,52,Mobile,3,897,14,6,Browse,0.14529926734931897,0
3070,S03070,40,Mobile,7,615,15,2,Product,0.05,0
3071,S03071,31,Mobile,1,69,27,7,Home,0.2267668204419904,1
3072,S03072,48,Desktop,1,473,19,7,Home,0.10706817755786031,1
3073,S03073,30,Mobile,1,241,8,3,Home,0.3334790423910092,1
3074,S03074,24,Mobile,2,330,19,7,Sign Up,0.05,0
3075,S03075,42,Tablet,6,355,3,4,Checkout,0.05,0
3076,S03076,53,Desktop,4,855,2,9,Home,0.05,0
3077,S03077,31,Desktop,3,413,10,7,Browse,0.27796908066377246,1
3078,S03078,22,Mobile,7,670,6,6,Checkout,0.05,0
3079,S03079,20,Mobile,5,140,23,1,Add to Cart,0.05,0
3080,S03080,26,Desktop,3,416,24,8,Browse,0.05,0
3081,S03081,50,Mobile,7,719,24,7,Purchase,0.05,0
3082,S03082,39,Mobile,6,805,23,9,Checkout,0.05,0
3083,S03083,55,Desktop,3,419,5,5,Browse,0.2563747661100476,0
3084,S03084,37,Mobile,5,165,5,9,Product,0.05,0
3085,S03085,29,Mobile,4,580,8,6,Product,0.05,1
3086,S03086,56,Mobile,6,418,16,7,Checkout,0.05,1
3087,S03087,59,Mobile,4,640,1,6,Browse,0.12643590112871123,0
3088,S03088,26,Desktop,6,589,10,7,Checkout,0.05,0
3089,S03089,39,Desktop,5,862,13,2,Add to Cart,0.09214041509067933,0
3090,S03090,37,Mobile,5,266,17,0,Add to Cart,0.05,0
3091,S03091,37,Mobile,6,43,15,5,Checkout,0.05,0
3092,S03092,45,Mobile,1,864,28,6,Home,0.05,0
3093,S03093,45,Desktop,6,92,3,4,Checkout,0.052872249346179276,0
3094,S03094,44,Desktop,6,270,21,9,Checkout,0.05,0
3095,S03095,28,Desktop,4,881,19,7,Product,0.05,0
3096,S03096,39,Mobile,3,806,7,6,Sign Up,0.19374959166254363,0
3097,S03097,21,Mobile,3,744,2,0,Browse,0.12258607820158102,0
3098,S03098,50,Tablet,7,101,19,0,Purchase,0.05,0
3099,S03099,31,Mobile,7,551,1,3,Checkout,0.05599183339082352,0
3100,S03100,42,Mobile,4,452,15,1,Product,0.10599090406275875,0
3101,S03101,57,Desktop,7,756,29,1,Purchase,0.05,0
3102,S03102,23,Desktop,2,667,2,5,Sign Up,0.16497876401387504,0
3103,S03103,47,Mobile,3,213,24,3,Browse,0.05,0
3104,S03104,38,Mobile,5,81,14,4,Product,0.0682369744210998,0
3105,S03105,26,Desktop,7,434,13,4,Purchase,0.0683645842730237,0
3106,S03106,57,Mobile,5,80,28,0,Product,0.07550850191883732,0
3107,S03107,47,Mobile,1,109,11,5,Home,0.24852775271107636,0
3108,S03108,29,Mobile,6,57,26,8,Checkout,0.05,0
3109,S03109,58,Mobile,6,389,5,2,Add to Cart,0.1294214950790834,0
3110,S03110,55,Desktop,6,429,22,8,Checkout,0.05,0
3111,S03111,28,Mobile,6,561,2,0,Checkout,0.13824635987472364,0
3112,S03112,32,Tablet,1,449,5,0,Home,0.31596289808911227,1
3113,S03113,42,Desktop,6,96,5,6,Add to Cart,0.1368409287895622,0
3114,S03114,51,Mobile,7,683,28,7,Purchase,0.05,0
3115,S03115,37,Mobile,6,239,8,2,Product,0.06362030651578997,0
3116,S03116,45,Tablet,5,300,12,6,Add to Cart,0.05,1
3117,S03117,31,Desktop,6,44,7,5,Product,0.07765018038695573,0
3118,S03118,23,Desktop,1,697,28,7,Home,0.05,0
3119,S03119,26,Tablet,7,584,18,4,Purchase,0.05,0
3120,S03120,59,Desktop,3,44,8,8,Browse,0.09819900457239492,0
3121,S03121,27,Mobile,3,826,27,2,Sign Up,0.05,0
3122,S03122,40,Mobile,7,255,8,0,Checkout,0.058548895856274354,0
3123,S03123,46,Mobile,7,183,10,7,Add to Cart,0.05,0
3124,S03124,58,Mobile,6,873,11,5,Product,0.05,0
3125,S03125,34,Desktop,4,839,29,7,Product,0.05,0
3126,S03126,55,Mobile,4,728,21,0,Product,0.05,0
3127,S03127,53,Mobile,6,604,1,5,Product,0.05,0
3128,S03128,47,Mobile,4,650,4,6,Product,0.05,0
3129,S03129,31,Mobile,2,500,25,6,Sign Up,0.05,0
3130,S03130,51,Desktop,6,566,27,3,Add to Cart,0.13209294424616247,0
3131,S03131,20,Mobile,7,414,14,6,Purchase,0.05,0
3132,S03132,45,Mobile,1,209,16,6,Home,0.2789963221238617,1
3133,S03133,57,Mobile,7,413,5,0,Purchase,0.10038615928876324,1
3134,S03134,57,Mobile,4,241,5,9,Product,0.13982783528602097,0
3135,S03135,23,Mobile,6,848,15,9,Checkout,0.05,0
3136,S03136,28,Desktop,5,816,23,6,Add to Cart,0.05,0
3137,S03137,22,Mobile,1,41,14,5,Home,0.22873871961827993,0
3138,S03138,50,Tablet,7,449,7,8,Purchase,0.05,0
3139,S03139,57,Tablet,4,532,6,9,Product,0.05,0
3140,S03140,24,Desktop,7,520,13,2,Purchase,0.05,0
3141,S03141,52,Mobile,4,165,25,6,Sign Up,0.05,0
3142,S03142,55,Desktop,1,364,27,8,Home,0.05,0
3143,S03143,26,Desktop,2,562,16,0,Home,0.26169185366955805,1
3144,S03144,24,Tablet,3,721,18,8,Sign Up,0.05,0
3145,S03145,27,Mobile,2,348,13,9,Sign Up,0.05,0
3146,S03146,54,Desktop,3,651,1,8,Browse,0.14113265036026895,1
3147,S03147,49,Mobile,7,839,23,2,Purchase,0.05,0
3148,S03148,32,Mobile,2,793,14,8,Sign Up,0.05,0
3149,S03149,21,Mobile,7,840,6,8,Checkout,0.05,0
3150,S03150,51,Tablet,6,93,12,9,Checkout,0.11977484425765582,0
3151,S03151,24,Desktop,5,333,21,2,Browse,0.05,0
3152,S03152,52,Desktop,5,457,17,0,Product,0.05,0
3153,S03153,46,Mobile,6,395,5,3,Checkout,0.21623104052096542,0
3154,S03154,55,Mobile,5,680,25,9,Add to Cart,0.05,0
3155,S03155,49,Tablet,5,653,9,8,Add to Cart,0.1305302007625309,0
3156,S03156,22,Desktop,6,517,6,8,Checkout,0.11507872271171807,0
3157,S03157,21,Mobile,7,217,26,5,Checkout,0.05,0
3158,S03158,36,Desktop,7,380,15,3,Purchase,0.10747670511073196,0
3159,S03159,24,Desktop,4,373,22,9,Product,0.05,0
3160,S03160,31,Mobile,2,435,1,7,Sign Up,0.3037561488337651,1
3161,S03161,34,Mobile,4,311,29,6,Browse,0.05,0
3162,S03162,58,Mobile,4,689,4,4,Product,0.0686939261185676,0
3163,S03163,21,Mobile,5,517,5,1,Add to Cart,0.13476252746606354,0
3164,S03164,38,Mobile,5,697,20,1,Add to Cart,0.13540942323136781,0
3165,S03165,46,Tablet,4,726,3,5,Browse,0.14386591659253262,0
3166,S03166,33,Tablet,3,739,29,5,Browse,0.14818164424910785,0
3167,S03167,50,Mobile,2,457,10,1,Sign Up,0.14245283446803675,0
3168,S03168,55,Mobile,2,499,29,2,Home,0.1774987985144104,0
3169,S03169,39,Mobile,4,135,8,6,Product,0.24366442605857103,0
3170,S03170,24,Mobile,4,815,4,0,Browse,0.12933119000539947,0
3171,S03171,55,Desktop,1,244,11,5,Home,0.226531198697868,0
3172,S03172,19,Mobile,2,684,20,7,Sign Up,0.05,0
3173,S03173,59,Mobile,1,397,22,0,Home,0.17169910951433998,0
3174,S03174,31,Tablet,6,250,21,5,Checkout,0.05,0
3175,S03175,25,Mobile,1,497,24,8,Home,0.25720649228761194,0
3176,S03176,33,Desktop,2,297,19,0,Sign Up,0.16618500973419875,0
3177,S03177,36,Mobile,2,289,1,5,Sign Up,0.1623477316296014,0
3178,S03178,47,Mobile,2,495,4,5,Sign Up,0.258073772218757,0
3179,S03179,54,Mobile,1,302,10,7,Home,0.14258115498162754,0
3180,S03180,31,Desktop,4,320,23,5,Product,0.05,0
3181,S03181,47,Mobile,2,708,13,0,Sign Up,0.089791977620043,0
3182,S03182,54,Desktop,3,589,19,1,Browse,0.05664137762821525,0
3183,S03183,32,Desktop,2,380,27,3,Sign Up,0.23706246459429237,0
3184,S03184,35,Mobile,7,806,5,4,Purchase,0.05,1
3185,S03185,18,Mobile,4,367,5,6,Product,0.10069142706047401,0
3186,S03186,32,Desktop,2,488,10,4,Sign Up,0.21319759399921495,0
3187,S03187,18,Desktop,3,680,9,0,Browse,0.15860916979225173,1
3188,S03188,54,Mobile,4,838,9,6,Product,0.08605902989370662,0
3189,S03189,20,Desktop,2,557,26,4,Sign Up,0.05,0
3190,S03190,59,Desktop,3,308,22,1,Sign Up,0.05314531591644707,0
3191,S03191,57,Mobile,1,826,20,0,Home,0.3526408948454609,0
3192,S03192,46,Mobile,6,828,15,9,Checkout,0.05,0
3193,S03193,23,Desktop,7,131,23,8,Purchase,0.05,0
3194,S03194,37,Mobile,5,559,13,3,Product,0.05,0
3195,S03195,54,Mobile,2,247,20,5,Home,0.14691724858837305,0
3196,S03196,52,Desktop,3,496,9,4,Browse,0.12806752290881515,1
3197,S03197,55,Desktop,7,464,13,1,Purchase,0.05,1
3198,S03198,31,Mobile,4,717,20,4,Product,0.05,0
3199,S03199,58,Mobile,5,726,2,9,Add to Cart,0.1245597031193654,0
3200,S03200,19,Mobile,1,590,24,9,Home,0.05,0
3201,S03201,38,Desktop,1,65,10,3,Home,0.31188728549054695,0
3202,S03202,36,Desktop,2,70,18,9,Sign Up,0.10053882043909967,1
3203,S03203,20,Desktop,7,119,26,9,Purchase,0.05,0
3204,S03204,37,Mobile,7,811,29,1,Purchase,0.05,0
3205,S03205,42,Desktop,7,137,24,4,Purchase,0.05,0
3206,S03206,28,Desktop,4,170,1,6,Product,0.11051375591841722,0
3207,S03207,58,Tablet,1,844,28,0,Home,0.05,0
3208,S03208,25,Desktop,2,495,8,3,Sign Up,0.2894624924266339,0
3209,S03209,57,Desktop,2,409,17,3,Sign Up,0.25915684552841034,0
3210,S03210,47,Mobile,7,417,22,9,Purchase,0.05,0
3211,S03211,31,Mobile,4,480,6,0,Product,0.23548311891186527,1
3212,S03212,34,Mobile,5,626,28,8,Product,0.05,0
3213,S03213,23,Mobile,2,450,10,0,Sign Up,0.28847539664955063,0
3214,S03214,35,Desktop,3,220,7,3,Browse,0.1510901788560412,0
3215,S03215,44,Desktop,1,271,26,2,Home,0.2244779645413481,0
3216,S03216,33,Desktop,2,879,9,1,Sign Up,0.13269840757956683,0
3217,S03217,57,Desktop,5,747,13,8,Add to Cart,0.05,0
3218,S03218,27,Desktop,3,166,20,3,Browse,0.22301895625029633,0
3219,S03219,22,Mobile,2,457,20,5,Sign Up,0.12520694730107837,0
3220,S03220,57,Mobile,3,746,19,1,Browse,0.24915216917199834,0
3221,S03221,51,Mobile,4,631,8,0,Product,0.11838524233773545,0
3222,S03222,34,Desktop,3,663,8,9,Browse,0.05,0
3223,S03223,18,Mobile,7,622,13,2,Purchase,0.05,1
3224,S03224,38,Mobile,6,140,1,4,Checkout,0.12631440599063556,1
3225,S03225,37,Mobile,6,516,10,9,Checkout,0.05,0
3226,S03226,23,Mobile,4,100,27,1,Product,0.10859884111265108,1
3227,S03227,54,Tablet,1,333,19,3,Home,0.06216226147040646,0
3228,S03228,54,Mobile,2,508,26,9,Sign Up,0.0783420951950474,0
3229,S03229,35,Tablet,6,365,23,5,Add to Cart,0.05,0
3230,S03230,45,Mobile,2,463,8,7,Sign Up,0.18076373631139928,1
3231,S03231,44,Mobile,3,650,1,6,Browse,0.12428767015773004,0
3232,S03232,56,Mobile,5,701,7,2,Add to Cart,0.20275540590544375,1
3233,S03233,44,Mobile,5,85,7,7,Add to Cart,0.05,0
3234,S03234,30,Mobile,7,691,24,0,Purchase,0.05,0
3235,S03235,30,Tablet,6,520,3,4,Checkout,0.14652847332313085,0
3236,S03236,28,Desktop,3,667,22,0,Browse,0.0963453248430477,0
3237,S03237,30,Tablet,5,583,6,3,Add to Cart,0.05,0
3238,S03238,30,Desktop,4,875,19,5,Product,0.05,0
3239,S03239,46,Desktop,7,348,15,4,Purchase,0.05,0
3240,S03240,59,Tablet,4,339,27,8,Product,0.05,0
3241,S03241,25,Mobile,4,800,7,5,Product,0.06581539373407014,0
3242,S03242,32,Mobile,7,247,22,9,Purchase,0.05,0
3243,S03243,28,Desktop,7,358,12,3,Add to Cart,0.05,0
3244,S03244,24,Desktop,2,29,29,7,Sign Up,0.08670488095323797,0
3245,S03245,39,Tablet,2,216,14,8,Sign Up,0.20845958093082873,0
3246,S03246,37,Desktop,5,129,11,4,Add to Cart,0.11712056262168159,0
3247,S03247,41,Mobile,2,749,19,8,Sign Up,0.05,0
3248,S03248,39,Desktop,1,25,29,2,Home,0.185811906723436,1
3249,S03249,21,Mobile,1,614,17,1,Home,0.22541257423287095,1
3250,S03250,31,Desktop,2,867,28,8,Sign Up,0.05,0
3251,S03251,44,Tablet,1,429,7,2,Home,0.17407844536186282,0
3252,S03252,52,Desktop,4,216,9,6,Product,0.06403003896207729,0
3253,S03253,40,Desktop,6,659,27,3,Checkout,0.05,0
3254,S03254,52,Desktop,1,674,15,4,Home,0.26239063963733,1
3255,S03255,54,Desktop,6,112,1,9,Checkout,0.17240029682439548,0
3256,S03256,30,Mobile,3,442,9,1,Browse,0.3101115604306069,0
3257,S03257,35,Mobile,1,60,10,0,Home,0.43940712694683554,0
3258,S03258,45,Mobile,2,93,17,1,Sign Up,0.21063014271086405,0
3259,S03259,51,Desktop,7,379,6,3,Purchase,0.06285023880020256,0
3260,S03260,32,Desktop,7,811,18,3,Purchase,0.05,0
3261,S03261,29,Desktop,7,850,14,0,Purchase,0.05,0
3262,S03262,40,Mobile,2,351,27,6,Sign Up,0.11782498827304001,0
3263,S03263,19,Mobile,2,196,25,5,Sign Up,0.1663607703847325,1
3264,S03264,32,Desktop,2,792,21,6,Sign Up,0.15205962683330054,0
3265,S03265,21,Desktop,2,847,18,7,Sign Up,0.1349555925621212,0
3266,S03266,21,Mobile,5,319,26,9,Add to Cart,0.05,0
3267,S03267,55,Tablet,7,202,18,3,Purchase,0.05,0
3268,S03268,53,Mobile,1,145,15,1,Home,0.23425924188149325,0
3269,S03269,34,Mobile,7,629,21,0,Checkout,0.09646746144794933,0
3270,S03270,43,Mobile,1,575,4,0,Home,0.32935480066740985,1
3271,S03271,38,Desktop,3,714,18,3,Browse,0.05,0
3272,S03272,46,Mobile,6,250,2,9,Add to Cart,0.051239181050678345,0
3273,S03273,30,Mobile,5,590,28,3,Add to Cart,0.05,0
3274,S03274,53,Mobile,7,402,18,1,Add to Cart,0.13292668861290263,0
3275,S03275,41,Mobile,4,244,7,6,Product,0.06541207305755961,0
3276,S03276,46,Mobile,1,81,27,1,Home,0.3073192184404746,0
3277,S03277,50,Mobile,2,747,25,1,Home,0.05,0
3278,S03278,30,Mobile,5,250,28,5,Add to Cart,0.05,0
3279,S03279,25,Desktop,4,118,12,8,Product,0.19725412602650014,1
3280,S03280,29,Mobile,2,208,23,2,Sign Up,0.25372702866400765,0
3281,S03281,45,Desktop,7,97,26,1,Checkout,0.05,0
3282,S03282,32,Tablet,1,820,6,7,Home,0.05,0
3283,S03283,43,Mobile,4,526,23,5,Product,0.10841805990494234,0
3284,S03284,36,Mobile,6,420,6,1,Checkout,0.18959406575724974,0
3285,S03285,23,Desktop,6,204,22,9,Checkout,0.05,0
3286,S03286,36,Mobile,3,864,24,0,Browse,0.05,0
3287,S03287,40,Desktop,4,261,19,1,Product,0.1694638146308763,0
3288,S03288,41,Tablet,1,833,28,9,Home,0.05,0
3289,S03289,53,Desktop,6,565,6,3,Checkout,0.13446530881514737,0
3290,S03290,58,Mobile,7,416,2,1,Purchase,0.09348776101031729,1
3291,S03291,50,Mobile,6,719,9,7,Checkout,0.05698030786120839,0
3292,S03292,45,Desktop,5,276,1,2,Add to Cart,0.26072653018882724,1
3293,S03293,27,Tablet,2,352,28,0,Home,0.15911656985121694,1
3294,S03294,18,Desktop,5,507,12,0,Add to Cart,0.1651201861681102,1
3295,S03295,19,Tablet,6,390,26,8,Add to Cart,0.05,0
3296,S03296,28,Mobile,6,132,24,8,Checkout,0.05,0
3297,S03297,42,Mobile,7,111,14,3,Purchase,0.05,0
3298,S03298,43,Mobile,6,292,7,0,Checkout,0.0728732842089026,0
3299,S03299,36,Desktop,6,275,29,0,Checkout,0.10796301874243978,0
3300,S03300,43,Desktop,4,409,5,5,Product,0.24211001024288326,0
3301,S03301,34,Desktop,7,740,22,9,Add to Cart,0.05,0
3302,S03302,22,Mobile,6,611,20,0,Add to Cart,0.05,0
3303,S03303,23,Mobile,3,511,7,8,Sign Up,0.1589921903008377,0
3304,S03304,47,Mobile,3,226,12,1,Home,0.12122897502983584,0
3305,S03305,48,Mobile,5,204,5,6,Add to Cart,0.1873145884596134,0
3306,S03306,56,Mobile,5,892,19,8,Product,0.05,0
3307,S03307,26,Desktop,6,483,22,5,Checkout,0.05,0
3308,S03308,21,Mobile,4,676,5,0,Browse,0.1157397380454859,0
3309,S03309,25,Mobile,1,898,26,7,Home,0.05,0
3310,S03310,45,Desktop,2,247,10,2,Sign Up,0.3087998884325085,1
3311,S03311,54,Desktop,6,140,6,9,Checkout,0.05,0
3312,S03312,35,Mobile,4,671,4,9,Product,0.05,0
3313,S03313,43,Mobile,6,171,21,6,Product,0.05,0
3314,S03314,46,Tablet,5,231,19,2,Add to Cart,0.10991497929780294,0
3315,S03315,19,Mobile,7,351,8,8,Checkout,0.05,0
3316,S03316,25,Mobile,7,430,2,4,Add to Cart,0.05,0
3317,S03317,20,Mobile,3,160,22,3,Browse,0.05,0
3318,S03318,50,Desktop,1,326,3,6,Home,0.15942392850683446,0
3319,S03319,52,Desktop,3,623,27,2,Browse,0.09263287466052164,0
3320,S03320,28,Mobile,2,475,6,2,Sign Up,0.1379293563429053,0
3321,S03321,56,Desktop,4,869,23,2,Browse,0.05,0
3322,S03322,52,Mobile,6,47,18,4,Checkout,0.14292323646347238,0
3323,S03323,52,Mobile,2,427,27,0,Sign Up,0.1230615945294835,0
3324,S03324,52,Mobile,3,495,11,8,Sign Up,0.05,0
3325,S03325,48,Tablet,5,364,28,3,Add to Cart,0.08377515529082769,0
3326,S03326,47,Mobile,1,39,23,2,Home,0.15729522033803905,0
3327,S03327,21,Mobile,4,604,15,4,Product,0.05639671698155204,0
3328,S03328,58,Mobile,7,87,23,9,Checkout,0.05,0
3329,S03329,58,Desktop,5,510,26,5,Add to Cart,0.05,0
3330,S03330,33,Mobile,7,604,5,1,Checkout,0.05,0
3331,S03331,39,Desktop,4,691,1,3,Product,0.19414264053906155,1
3332,S03332,26,Desktop,4,460,17,9,Product,0.05,0
3333,S03333,25,Desktop,7,701,17,5,Checkout,0.05,0
3334,S03334,55,Mobile,1,639,5,0,Home,0.23546338356285845,1
3335,S03335,19,Desktop,2,647,6,4,Sign Up,0.15059402540247113,0
3336,S03336,55,Desktop,2,558,20,1,Sign Up,0.19277695198933859,1
3337,S03337,47,Mobile,4,860,9,2,Product,0.24217857758362626,1
3338,S03338,32,Tablet,5,707,8,9,Add to Cart,0.05,0
3339,S03339,57,Desktop,7,847,3,5,Purchase,0.07366097960126847,0
3340,S03340,31,Desktop,4,719,20,4,Product,0.05,0
3341,S03341,59,Mobile,4,595,5,5,Product,0.05,0
3342,S03342,40,Mobile,7,451,13,5,Checkout,0.06724701830064661,0
3343,S03343,40,Mobile,4,365,29,0,Product,0.2186118356977443,0
3344,S03344,25,Desktop,4,771,5,2,Product,0.10243315599819985,0
3345,S03345,23,Mobile,6,698,18,5,Checkout,0.05,0
3346,S03346,40,Mobile,1,573,23,5,Home,0.18288768011437434,0
3347,S03347,25,Mobile,6,347,11,9,Browse,0.06285226169855146,0
3348,S03348,26,Desktop,1,409,6,1,Home,0.1411238140551105,0
3349,S03349,20,Desktop,4,566,11,6,Product,0.14745791595777202,0
3350,S03350,27,Desktop,7,706,5,6,Purchase,0.05,0
3351,S03351,48,Mobile,3,541,13,3,Browse,0.21015264283719337,0
3352,S03352,24,Mobile,6,225,9,1,Checkout,0.10037776108923688,0
3353,S03353,40,Desktop,6,851,11,9,Checkout,0.05,0
3354,S03354,20,Mobile,6,540,9,5,Add to Cart,0.05,0
3355,S03355,44,Tablet,6,545,23,9,Checkout,0.05,0
3356,S03356,53,Desktop,6,399,9,5,Checkout,0.07627566900280636,0
3357,S03357,42,Desktop,3,412,16,7,Browse,0.06686132111481109,0
3358,S03358,56,Mobile,3,25,29,5,Browse,0.09865869562471286,0
3359,S03359,24,Mobile,4,527,16,8,Product,0.05,0
3360,S03360,31,Mobile,5,575,14,5,Add to Cart,0.05,0
3361,S03361,56,Tablet,5,454,1,7,Add to Cart,0.09362741141978043,1
3362,S03362,56,Desktop,3,167,29,8,Sign Up,0.12918334727547348,1
3363,S03363,28,Mobile,4,685,4,1,Product,0.1522311612068174,0
3364,S03364,26,Mobile,4,803,7,0,Product,0.1850473902121057,0
3365,S03365,32,Desktop,7,500,2,3,Purchase,0.05,0
3366,S03366,25,Mobile,4,83,8,3,Browse,0.05,0
3367,S03367,52,Mobile,1,626,10,7,Home,0.23542072228781474,1
3368,S03368,47,Desktop,5,578,4,8,Add to Cart,0.05,0
3369,S03369,46,Mobile,6,579,19,6,Add to Cart,0.05,0
3370,S03370,24,Mobile,1,380,10,9,Home,0.1837379387990771,0
3371,S03371,33,Mobile,2,535,20,7,Sign Up,0.07027876360591319,0
3372,S03372,24,Mobile,5,532,6,3,Add to Cart,0.07582078727507953,0
3373,S03373,21,Mobile,3,427,7,4,Browse,0.17901913712419829,0
3374,S03374,29,Mobile,7,86,9,6,Purchase,0.05,0
3375,S03375,28,Mobile,1,20,21,1,Home,0.336798666764925,1
3376,S03376,28,Mobile,2,491,10,4,Home,0.3469890485176125,0
3377,S03377,52,Mobile,3,140,16,0,Browse,0.34120983626619494,0
3378,S03378,26,Desktop,1,693,13,0,Home,0.2476465623918068,0
3379,S03379,24,Mobile,5,218,12,0,Add to Cart,0.1537176621156093,0
3380,S03380,24,Mobile,4,859,15,9,Product,0.05,0
3381,S03381,49,Mobile,5,25,22,6,Add to Cart,0.05,0
3382,S03382,37,Desktop,1,776,27,3,Home,0.12807068996526802,0
3383,S03383,38,Tablet,1,186,10,6,Home,0.16508962976213504,0
3384,S03384,35,Mobile,6,271,10,3,Checkout,0.15287658660778042,0
3385,S03385,37,Tablet,2,762,5,2,Sign Up,0.0560084429228849,0
3386,S03386,44,Mobile,4,699,19,5,Product,0.09340250917188256,0
3387,S03387,28,Desktop,4,687,22,3,Product,0.05,0
3388,S03388,47,Desktop,7,256,21,6,Purchase,0.05,0
3389,S03389,28,Desktop,5,659,7,9,Add to Cart,0.05,0
3390,S03390,33,Desktop,7,59,17,2,Purchase,0.05,0
3391,S03391,46,Tablet,1,96,17,1,Home,0.22654589264146385,0
3392,S03392,55,Mobile,1,146,7,5,Home,0.33353346678859136,0
3393,S03393,36,Desktop,5,378,18,7,Product,0.05,0
3394,S03394,33,Tablet,1,445,15,7,Home,0.1783806159092962,0
3395,S03395,32,Desktop,2,72,9,6,Sign Up,0.17079573777958104,0
3396,S03396,52,Desktop,1,737,19,6,Home,0.10271964291394182,0
3397,S03397,48,Desktop,2,217,11,7,Sign Up,0.11352180737710237,0
3398,S03398,54,Mobile,4,665,23,7,Product,0.05,0
3399,S03399,22,Mobile,2,21,25,7,Sign Up,0.07923739906215893,0
3400,S03400,27,Mobile,3,305,25,0,Browse,0.20128673169296868,0
3401,S03401,43,Mobile,7,289,19,1,Purchase,0.1263643033422845,1
3402,S03402,27,Mobile,4,261,21,0,Product,0.05,0
3403,S03403,47,Mobile,1,74,23,3,Home,0.18189872218804748,0
3404,S03404,39,Mobile,6,189,24,8,Checkout,0.05,0
3405,S03405,37,Desktop,1,360,29,0,Home,0.22469362587296823,0
3406,S03406,30,Mobile,5,66,16,2,Product,0.15067541468987564,0
3407,S03407,39,Mobile,2,524,29,9,Home,0.05,0
3408,S03408,51,Mobile,4,607,11,3,Browse,0.16017359391506206,0
3409,S03409,23,Mobile,1,731,5,9,Home,0.17277517089635985,0
3410,S03410,40,Mobile,2,772,21,3,Home,0.14732961376567189,0
3411,S03411,27,Mobile,5,437,27,0,Browse,0.13808986774463625,0
3412,S03412,23,Desktop,6,208,5,1,Add to Cart,0.13414165531007247,0
3413,S03413,41,Mobile,3,689,16,3,Browse,0.05,0
3414,S03414,44,Desktop,7,551,19,3,Purchase,0.05,0
3415,S03415,45,Desktop,5,160,6,9,Add to Cart,0.11365421588072917,0
3416,S03416,43,Desktop,3,108,15,0,Sign Up,0.4541435739051593,0
3417,S03417,38,Mobile,3,104,15,8,Browse,0.11490396208464637,0
3418,S03418,18,Mobile,2,336,12,6,Home,0.22807549430159785,0
3419,S03419,48,Mobile,1,800,29,6,Home,0.05,0
3420,S03420,29,Mobile,3,217,23,6,Browse,0.1292615108613359,1
3421,S03421,21,Mobile,7,585,23,2,Purchase,0.05,0
3422,S03422,35,Desktop,1,899,4,7,Home,0.05,0
3423,S03423,46,Mobile,6,863,14,7,Checkout,0.05,0
3424,S03424,56,Mobile,5,532,26,4,Add to Cart,0.05,0
3425,S03425,22,Mobile,6,474,1,2,Add to Cart,0.15272553008185577,0
3426,S03426,37,Desktop,2,536,2,9,Sign Up,0.09771105435936367,0
3427,S03427,39,Desktop,7,271,13,3,Purchase,0.05,0
3428,S03428,43,Mobile,3,164,8,3,Browse,0.25486898350085563,0
3429,S03429,40,Desktop,1,211,8,0,Home,0.27535681736809164,0
3430,S03430,24,Mobile,1,692,29,6,Home,0.08807119199577206,0
3431,S03431,49,Mobile,5,851,22,1,Add to Cart,0.05,0
3432,S03432,39,Desktop,5,682,21,9,Add to Cart,0.05,0
3433,S03433,38,Mobile,5,885,22,8,Add to Cart,0.05,0
3434,S03434,50,Mobile,4,288,14,9,Product,0.07653289910231245,0
3435,S03435,35,Mobile,2,58,12,1,Sign Up,0.3666834396794034,1
3436,S03436,50,Tablet,2,733,3,5,Home,0.08414858434458115,0
3437,S03437,55,Desktop,5,117,28,2,Add to Cart,0.16190833143699154,1
3438,S03438,47,Desktop,2,898,25,6,Sign Up,0.05,0
3439,S03439,25,Desktop,5,211,27,2,Browse,0.05,0
3440,S03440,26,Desktop,5,29,7,1,Sign Up,0.10170505308037396,0
3441,S03441,58,Mobile,4,860,6,0,Browse,0.13667400245622563,0
3442,S03442,26,Mobile,4,144,6,4,Sign Up,0.23102087268357333,0
3443,S03443,24,Mobile,3,224,3,2,Browse,0.2939438151305174,0
3444,S03444,58,Tablet,7,758,4,1,Add to Cart,0.10124560416703267,0
3445,S03445,21,Mobile,6,414,12,6,Checkout,0.05,0
3446,S03446,51,Mobile,7,350,18,9,Purchase,0.05,0
3447,S03447,49,Mobile,2,277,10,6,Sign Up,0.1179740472001956,0
3448,S03448,35,Desktop,4,793,13,4,Product,0.2070124022057478,0
3449,S03449,25,Tablet,2,105,1,0,Sign Up,0.37873742457792947,0
3450,S03450,51,Tablet,4,53,21,9,Product,0.09994825198213954,0
3451,S03451,58,Desktop,3,182,6,6,Browse,0.3143658278914706,0
3452,S03452,58,Desktop,6,507,14,6,Checkout,0.05,0
3453,S03453,48,Desktop,5,718,22,8,Product,0.05,0
3454,S03454,49,Mobile,3,779,1,0,Browse,0.3041755676532526,0
3455,S03455,30,Mobile,4,192,20,1,Product,0.11210328797927438,0
3456,S03456,56,Mobile,3,538,12,1,Browse,0.05861178175851532,0
3457,S03457,29,Desktop,3,425,18,1,Browse,0.15903227667259057,0
3458,S03458,37,Mobile,4,500,13,3,Product,0.15524585910089223,0
3459,S03459,40,Mobile,1,658,9,3,Home,0.2548216279418446,1
3460,S03460,21,Mobile,2,655,22,8,Sign Up,0.16751307530494172,0
3461,S03461,34,Desktop,3,570,15,0,Browse,0.12389149096838632,0
3462,S03462,40,Mobile,7,298,19,3,Checkout,0.05,0
3463,S03463,59,Desktop,7,54,9,4,Purchase,0.05,0
3464,S03464,53,Mobile,4,193,19,9,Product,0.1253461025341312,0
3465,S03465,20,Mobile,1,516,20,7,Home,0.11263052874890665,0
3466,S03466,58,Mobile,6,840,18,9,Add to Cart,0.05,0
3467,S03467,37,Tablet,6,204,26,5,Product,0.05,0
3468,S03468,43,Tablet,4,165,6,9,Product,0.11540350924145079,0
3469,S03469,26,Mobile,5,533,17,8,Add to Cart,0.05,0
3470,S03470,48,Desktop,1,506,20,4,Home,0.09632954421295643,0
3471,S03471,34,Mobile,4,373,14,0,Sign Up,0.22920393241941622,0
3472,S03472,35,Desktop,6,444,25,1,Checkout,0.05,0
3473,S03473,23,Mobile,5,282,10,1,Add to Cart,0.19360950838238786,1
3474,S03474,20,Mobile,7,134,24,9,Purchase,0.05,0
3475,S03475,53,Mobile,6,44,13,0,Checkout,0.1450622293600216,0
3476,S03476,51,Desktop,2,836,25,1,Sign Up,0.05,0
3477,S03477,40,Mobile,6,569,13,1,Add to Cart,0.05,0
3478,S03478,28,Mobile,3,150,25,2,Browse,0.1677776485502378,0
3479,S03479,43,Desktop,6,401,13,0,Checkout,0.05,0
3480,S03480,34,Mobile,5,54,13,9,Product,0.08812293045054717,0
3481,S03481,39,Desktop,3,763,13,8,Browse,0.05,0
3482,S03482,53,Desktop,3,695,14,8,Browse,0.05,0
3483,S03483,42,Desktop,2,640,1,1,Sign Up,0.26439220636882826,0
3484,S03484,49,Mobile,5,121,2,9,Add to Cart,0.05,0
3485,S03485,29,Desktop,4,706,15,1,Product,0.05758227872395917,0
3486,S03486,37,Mobile,3,323,5,6,Browse,0.1355696756720838,0
3487,S03487,41,Mobile,6,545,7,6,Sign Up,0.05,0
3488,S03488,29,Desktop,5,823,8,9,Add to Cart,0.05,0
3489,S03489,39,Desktop,5,850,11,4,Add to Cart,0.05,0
3490,S03490,35,Desktop,1,804,10,5,Home,0.09755101936046622,0
3491,S03491,28,Mobile,4,826,22,3,Product,0.05,0
3492,S03492,36,Mobile,3,748,18,8,Browse,0.05,0
3493,S03493,59,Tablet,5,662,2,7,Add to Cart,0.22489430679915928,0
3494,S03494,40,Mobile,5,845,26,9,Browse,0.05,0
3495,S03495,37,Tablet,3,618,26,0,Browse,0.1845719411594864,0
3496,S03496,40,Tablet,7,828,8,7,Purchase,0.05,0
3497,S03497,41,Mobile,2,37,20,8,Sign Up,0.17189885307450925,0
3498,S03498,58,Mobile,3,71,3,4,Browse,0.3092846715804176,1
3499,S03499,23,Desktop,7,755,13,5,Purchase,0.05,0
3500,S03500,43,Mobile,4,368,20,8,Product,0.052326079349838746,0
3501,S03501,27,Mobile,2,744,12,7,Home,0.11593936149128278,0
3502,S03502,26,Mobile,2,59,3,0,Home,0.27281775747099335,0
3503,S03503,23,Mobile,2,127,15,8,Sign Up,0.12520056447743524,0
3504,S03504,19,Desktop,7,367,24,3,Checkout,0.05,0
3505,S03505,44,Mobile,1,835,16,7,Home,0.05,0
3506,S03506,43,Mobile,2,660,9,6,Sign Up,0.05,0
3507,S03507,26,Mobile,2,612,1,9,Home,0.23908502921555919,0
3508,S03508,21,Mobile,1,316,11,4,Home,0.1962655369780445,0
3509,S03509,38,Desktop,6,135,7,4,Checkout,0.05,0
3510,S03510,50,Mobile,1,633,2,8,Home,0.19232230857661053,0
3511,S03511,58,Mobile,2,581,9,1,Home,0.35946493737226964,0
3512,S03512,59,Mobile,3,710,24,4,Browse,0.05,0
3513,S03513,25,Mobile,6,598,23,1,Checkout,0.05,0
3514,S03514,24,Mobile,3,508,8,5,Sign Up,0.05,0
3515,S03515,51,Mobile,7,439,28,3,Purchase,0.06828200885695897,0
3516,S03516,43,Desktop,3,260,20,3,Sign Up,0.28786771782166043,0
3517,S03517,26,Desktop,1,379,24,7,Home,0.05,0
3518,S03518,41,Mobile,4,123,14,2,Product,0.20416165244471055,0
3519,S03519,43,Mobile,5,860,24,0,Product,0.05,0
3520,S03520,51,Mobile,2,398,12,1,Sign Up,0.24500381673777882,0
3521,S03521,24,Desktop,3,368,22,6,Browse,0.27640863270577354,1
3522,S03522,47,Mobile,3,779,21,0,Browse,0.05,0
3523,S03523,49,Mobile,4,231,26,4,Product,0.05,0
3524,S03524,19,Desktop,3,600,8,9,Sign Up,0.05,0
3525,S03525,28,Desktop,6,227,10,5,Checkout,0.05,0
3526,S03526,29,Desktop,6,149,10,3,Checkout,0.1673814115938575,0
3527,S03527,27,Mobile,4,653,22,6,Product,0.08168603932084263,0
3528,S03528,32,Mobile,2,881,10,6,Sign Up,0.09634442573109282,0
3529,S03529,46,Desktop,1,790,8,6,Home,0.15340586301780607,0
3530,S03530,39,Mobile,4,255,26,8,Product,0.05,0
3531,S03531,54,Mobile,3,30,26,1,Browse,0.19930337370820572,1
3532,S03532,26,Desktop,7,183,20,6,Purchase,0.05,0
3533,S03533,30,Mobile,4,899,26,0,Browse,0.12055159840319368,1
3534,S03534,52,Mobile,4,618,22,4,Product,0.05,1
3535,S03535,21,Mobile,2,559,7,1,Sign Up,0.264924535526349,0
3536,S03536,44,Mobile,2,378,18,1,Home,0.21949270244619715,0
3537,S03537,40,Tablet,1,155,26,1,Home,0.32879310686093705,1
3538,S03538,53,Mobile,6,424,17,8,Checkout,0.05,0
3539,S03539,30,Mobile,5,159,28,2,Add to Cart,0.05469850157168719,0
3540,S03540,36,Desktop,7,864,9,1,Checkout,0.05,0
3541,S03541,38,Desktop,4,791,8,9,Product,0.05,0
3542,S03542,47,Mobile,1,890,2,6,Home,0.17971546562485669,0
3543,S03543,25,Mobile,3,309,28,0,Browse,0.15255867965584785,0
3544,S03544,23,Mobile,6,30,5,1,Checkout,0.10724585225627124,0
3545,S03545,46,Mobile,1,526,17,6,Home,0.2834339036445469,0
3546,S03546,57,Mobile,5,300,7,8,Add to Cart,0.05,0
3547,S03547,57,Mobile,6,76,25,1,Checkout,0.05,0
3548,S03548,45,Mobile,6,874,26,2,Add to Cart,0.05,0
3549,S03549,21,Tablet,5,741,14,5,Add to Cart,0.08471767922909479,0
3550,S03550,53,Mobile,5,149,29,3,Add to Cart,0.05,0
3551,S03551,58,Mobile,2,122,9,1,Sign Up,0.19237039506734627,0
3552,S03552,25,Desktop,6,277,2,7,Add to Cart,0.13597984902973123,0
3553,S03553,52,Desktop,4,773,13,4,Product,0.1213492749565926,0
3554,S03554,24,Desktop,1,349,13,3,Home,0.20610639797880562,0
3555,S03555,39,Desktop,5,250,15,2,Add to Cart,0.05,0
3556,S03556,58,Mobile,7,488,24,7,Purchase,0.05,0
3557,S03557,48,Desktop,5,447,19,2,Add to Cart,0.05,0
3558,S03558,45,Mobile,4,38,23,5,Product,0.0755047559418875,1
3559,S03559,55,Mobile,5,826,4,5,Sign Up,0.05,0
3560,S03560,23,Mobile,1,888,5,3,Home,0.2612988776102543,1
3561,S03561,46,Mobile,5,36,9,8,Add to Cart,0.09386283402348869,0
3562,S03562,42,Mobile,4,363,6,6,Product,0.14387614430250958,0
3563,S03563,37,Mobile,3,129,17,7,Sign Up,0.18842049228185154,1
3564,S03564,54,Tablet,1,265,16,2,Home,0.2726121422761353,0
3565,S03565,56,Desktop,5,275,21,3,Browse,0.08811936355378953,0
3566,S03566,22,Mobile,5,104,2,4,Product,0.21845981206764686,0
3567,S03567,29,Mobile,6,676,16,0,Checkout,0.07116387069147173,0
3568,S03568,51,Desktop,4,606,28,9,Product,0.06236206661028437,0
3569,S03569,56,Mobile,6,588,1,2,Checkout,0.05,0
3570,S03570,31,Tablet,3,66,10,4,Browse,0.3141329269118237,0
3571,S03571,39,Mobile,2,383,2,1,Sign Up,0.3164871923120383,1
3572,S03572,39,Mobile,5,458,27,3,Add to Cart,0.150312255500906,0
3573,S03573,44,Desktop,2,862,8,2,Sign Up,0.18179563410079402,0
3574,S03574,43,Mobile,5,320,17,3,Add to Cart,0.12426007562730332,0
3575,S03575,59,Desktop,7,337,25,9,Add to Cart,0.05,0
3576,S03576,27,Tablet,1,207,20,9,Home,0.06122813525406966,0
3577,S03577,19,Mobile,1,501,27,8,Home,0.05,0
3578,S03578,19,Mobile,2,267,24,1,Sign Up,0.15648947946183733,1
3579,S03579,51,Mobile,4,129,20,3,Sign Up,0.1646956477899436,1
3580,S03580,35,Mobile,7,193,17,5,Purchase,0.05,0
3581,S03581,21,Mobile,2,809,22,2,Sign Up,0.10333383010656584,0
3582,S03582,25,Mobile,3,868,9,3,Browse,0.05,0
3583,S03583,54,Tablet,4,607,18,2,Product,0.1462404753413447,0
3584,S03584,56,Desktop,4,315,12,8,Product,0.05071109470799155,0
3585,S03585,31,Mobile,1,209,13,2,Home,0.35603111213832117,1
3586,S03586,37,Tablet,2,160,12,3,Sign Up,0.3161575589827119,0
3587,S03587,20,Desktop,5,65,19,4,Add to Cart,0.1030300432327847,0
3588,S03588,35,Mobile,2,247,7,0,Sign Up,0.31355146659851113,0
3589,S03589,51,Tablet,7,644,19,3,Purchase,0.05,0
3590,S03590,59,Mobile,5,60,24,4,Add to Cart,0.1162466394906553,1
3591,S03591,43,Mobile,6,54,10,4,Product,0.1669926379146654,0
3592,S03592,27,Mobile,7,897,25,1,Add to Cart,0.05,0
3593,S03593,36,Desktop,5,716,11,2,Product,0.13190576095601217,0
3594,S03594,53,Mobile,5,304,18,9,Add to Cart,0.09170074572365162,1
3595,S03595,22,Mobile,3,831,1,9,Sign Up,0.05,0
3596,S03596,53,Mobile,7,755,25,9,Purchase,0.05,0
3597,S03597,20,Desktop,6,879,17,8,Checkout,0.05,0
3598,S03598,44,Mobile,2,519,9,5,Sign Up,0.05,0
3599,S03599,39,Mobile,4,66,24,4,Product,0.07648651216273793,1
3600,S03600,18,Mobile,7,105,10,1,Purchase,0.05,0
3601,S03601,43,Mobile,2,684,1,1,Sign Up,0.2203756704830196,0
3602,S03602,59,Desktop,5,221,14,4,Add to Cart,0.13637151841178985,1
3603,S03603,40,Desktop,7,154,7,3,Browse,0.05,0
3604,S03604,33,Tablet,3,139,12,5,Browse,0.05,0
3605,S03605,32,Tablet,1,405,2,0,Home,0.3517644694243578,0
3606,S03606,58,Tablet,2,261,22,3,Sign Up,0.24181125479634985,0
3607,S03607,37,Tablet,5,284,18,3,Product,0.05,0
3608,S03608,39,Mobile,5,429,4,6,Add to Cart,0.2464623110396202,1
3609,S03609,29,Mobile,2,123,24,7,Home,0.17257071239385877,1
3610,S03610,27,Mobile,4,395,16,1,Product,0.05565578492898854,0
3611,S03611,24,Mobile,5,318,7,4,Add to Cart,0.07314145526316404,0
3612,S03612,43,Mobile,2,435,2,1,Home,0.25170185089080427,1
3613,S03613,20,Mobile,6,797,6,1,Checkout,0.15686872950040218,0
3614,S03614,37,Desktop,2,396,2,7,Sign Up,0.16713366980771896,0
3615,S03615,30,Desktop,1,122,13,3,Home,0.22772604362532248,0
3616,S03616,33,Desktop,4,165,2,3,Sign Up,0.21061841717666865,0
3617,S03617,31,Mobile,2,810,9,9,Sign Up,0.05,0
3618,S03618,25,Tablet,7,135,28,1,Checkout,0.05,0
3619,S03619,34,Desktop,4,430,20,8,Browse,0.05,0
3620,S03620,29,Tablet,3,376,20,5,Browse,0.10458833811663243,0
3621,S03621,42,Desktop,4,563,6,8,Product,0.13271611957359902,0
3622,S03622,23,Mobile,7,336,22,2,Purchase,0.05,0
3623,S03623,57,Desktop,2,295,25,0,Sign Up,0.2822914337154252,0
3624,S03624,46,Mobile,2,338,4,6,Sign Up,0.22838204035525822,0
3625,S03625,58,Tablet,4,81,24,1,Product,0.08297624245224156,0
3626,S03626,31,Tablet,3,156,5,6,Browse,0.16724499385957806,0
3627,S03627,58,Desktop,2,39,13,7,Sign Up,0.18557999423890237,0
3628,S03628,18,Desktop,7,672,18,4,Add to Cart,0.05,0
3629,S03629,33,Mobile,4,413,23,6,Browse,0.05,0
3630,S03630,34,Mobile,2,205,5,9,Home,0.2695970143349213,1
3631,S03631,40,Mobile,6,836,12,6,Checkout,0.05,0
3632,S03632,55,Mobile,6,723,5,2,Checkout,0.05576238430702213,0
3633,S03633,33,Mobile,2,34,5,3,Sign Up,0.20204537191218314,0
3634,S03634,54,Mobile,6,824,27,1,Checkout,0.05,1
3635,S03635,29,Tablet,7,525,7,8,Purchase,0.05,0
3636,S03636,46,Mobile,4,497,6,4,Product,0.16846362718707242,0
3637,S03637,26,Mobile,4,194,9,4,Product,0.055248261745440744,0
3638,S03638,18,Tablet,3,375,12,6,Browse,0.13103968234668165,0
3639,S03639,42,Mobile,4,819,23,4,Sign Up,0.05,0
3640,S03640,24,Desktop,5,616,22,6,Add to Cart,0.17434213187768288,1
3641,S03641,35,Mobile,6,758,20,0,Add to Cart,0.05,1
3642,S03642,39,Mobile,4,334,2,9,Browse,0.05,0
3643,S03643,53,Mobile,3,529,3,4,Sign Up,0.10267320785566257,0
3644,S03644,45,Mobile,2,544,29,6,Home,0.11101339505658947,0
3645,S03645,49,Mobile,7,775,11,7,Purchase,0.05203700050934723,0
3646,S03646,57,Desktop,6,598,8,2,Checkout,0.05,0
3647,S03647,44,Mobile,3,754,19,1,Sign Up,0.11484382241751295,0
3648,S03648,31,Mobile,2,262,20,1,Sign Up,0.3440430274132963,0
3649,S03649,21,Mobile,7,863,17,9,Add to Cart,0.05,0
3650,S03650,54,Desktop,1,854,21,2,Home,0.13976816097437278,0
3651,S03651,33,Desktop,6,59,20,7,Checkout,0.05,0
3652,S03652,42,Mobile,5,849,15,2,Add to Cart,0.05,0
3653,S03653,18,Tablet,1,197,14,6,Home,0.12979431896239185,0
3654,S03654,46,Desktop,5,108,13,7,Sign Up,0.05,0
3655,S03655,59,Desktop,4,344,6,5,Product,0.11200697552891627,0
3656,S03656,56,Desktop,5,252,29,9,Add to Cart,0.05,0
3657,S03657,18,Mobile,4,256,15,1,Browse,0.08734514964975167,0
3658,S03658,57,Mobile,5,518,6,9,Product,0.05,0
3659,S03659,25,Mobile,7,727,25,5,Add to Cart,0.05,0
3660,S03660,33,Desktop,7,683,13,2,Product,0.05,0
3661,S03661,54,Desktop,3,360,29,6,Browse,0.05,1
3662,S03662,52,Desktop,6,69,10,8,Product,0.1083210661542104,0
3663,S03663,59,Tablet,2,278,12,3,Sign Up,0.3421203913322017,0
3664,S03664,50,Mobile,6,672,10,6,Checkout,0.05,0
3665,S03665,18,Desktop,2,408,18,9,Sign Up,0.09726824835119448,0
3666,S03666,38,Mobile,7,181,19,1,Checkout,0.05,0
3667,S03667,57,Desktop,7,695,22,5,Checkout,0.05,0
3668,S03668,47,Mobile,6,510,8,2,Checkout,0.12367063263856934,0
3669,S03669,29,Mobile,4,603,21,1,Browse,0.05,0
3670,S03670,53,Mobile,6,783,1,6,Add to Cart,0.09841718532277248,0
3671,S03671,51,Mobile,5,101,12,4,Add to Cart,0.05,0
3672,S03672,58,Desktop,2,236,28,1,Sign Up,0.22057559399414015,1
3673,S03673,43,Mobile,7,571,28,3,Checkout,0.05,0
3674,S03674,53,Tablet,3,254,8,3,Browse,0.213602123952151,1
3675,S03675,56,Desktop,6,843,26,0,Add to Cart,0.05,0
3676,S03676,51,Mobile,6,522,3,1,Add to Cart,0.08860743115441021,0
3677,S03677,22,Desktop,6,93,13,7,Add to Cart,0.05,0
3678,S03678,58,Mobile,7,738,8,3,Purchase,0.05,0
3679,S03679,21,Desktop,2,345,13,9,Home,0.05,0
3680,S03680,59,Desktop,6,250,7,4,Checkout,0.19816957599275586,0
3681,S03681,46,Desktop,6,296,15,2,Checkout,0.14124362341862812,0
3682,S03682,24,Desktop,5,654,9,5,Product,0.06025011577190533,0
3683,S03683,24,Desktop,6,297,3,0,Checkout,0.06209459183049361,0
3684,S03684,51,Mobile,1,530,3,0,Home,0.33454799411219754,1
3685,S03685,36,Mobile,2,546,17,7,Sign Up,0.11221492116644584,0
3686,S03686,55,Mobile,6,121,13,4,Add to Cart,0.050472133054362586,0
3687,S03687,46,Mobile,5,202,9,3,Browse,0.13876577040156893,0
3688,S03688,18,Desktop,5,96,7,1,Add to Cart,0.2457025162872466,1
3689,S03689,44,Mobile,6,389,15,7,Checkout,0.05,0
3690,S03690,32,Mobile,2,836,6,8,Sign Up,0.05511481564469723,0
3691,S03691,42,Mobile,7,397,17,6,Purchase,0.05,0
3692,S03692,30,Mobile,3,343,25,4,Browse,0.141952512052963,0
3693,S03693,56,Mobile,5,191,12,0,Add to Cart,0.25121670288886533,0
3694,S03694,50,Mobile,5,330,8,2,Add to Cart,0.1519245009179079,0
3695,S03695,40,Mobile,4,499,19,6,Product,0.05890088618564029,0
3696,S03696,22,Mobile,7,265,26,5,Product,0.05,0
3697,S03697,35,Desktop,3,603,29,1,Browse,0.09006819379973356,0
3698,S03698,39,Mobile,6,587,28,6,Checkout,0.05,0
3699,S03699,26,Tablet,1,339,15,4,Home,0.3202862141460537,0
3700,S03700,42,Mobile,2,158,19,2,Sign Up,0.1854775869335507,0
3701,S03701,20,Mobile,2,441,8,7,Sign Up,0.1983171429048723,1
3702,S03702,43,Mobile,3,719,14,8,Browse,0.06430094131591757,0
3703,S03703,29,Desktop,4,681,26,5,Product,0.08530244487058095,0
3704,S03704,52,Desktop,1,351,22,9,Home,0.17677415845792316,0
3705,S03705,57,Desktop,7,265,11,0,Purchase,0.09658328717823288,0
3706,S03706,42,Tablet,6,242,15,5,Checkout,0.05415893190164467,0
3707,S03707,58,Mobile,1,126,5,6,Home,0.08185055544380807,0
3708,S03708,25,Mobile,2,828,4,3,Sign Up,0.1386640533652319,0
3709,S03709,42,Mobile,1,319,28,3,Home,0.34042576480923925,1
3710,S03710,32,Desktop,6,289,18,3,Add to Cart,0.11155315775732895,0
3711,S03711,20,Mobile,4,467,7,7,Product,0.11176852031292386,0
3712,S03712,42,Mobile,4,676,22,5,Product,0.05,0
3713,S03713,46,Mobile,7,700,25,4,Purchase,0.05,0
3714,S03714,20,Desktop,6,805,27,7,Product,0.05,0
3715,S03715,52,Mobile,4,283,4,6,Product,0.1527858457710484,0
3716,S03716,19,Mobile,7,749,22,6,Purchase,0.05,1
3717,S03717,34,Tablet,5,399,28,5,Product,0.05,0
3718,S03718,20,Mobile,2,640,16,6,Sign Up,0.13074086663012385,0
3719,S03719,42,Mobile,1,206,16,8,Home,0.17610218503359573,0
3720,S03720,32,Mobile,1,695,11,0,Home,0.05,0
3721,S03721,20,Desktop,1,307,23,9,Home,0.05,0
3722,S03722,23,Desktop,1,206,3,2,Home,0.24302992135673773,0
3723,S03723,40,Mobile,6,213,25,9,Checkout,0.05,0
3724,S03724,38,Desktop,1,671,15,5,Home,0.17512424974090593,0
3725,S03725,34,Desktop,5,565,28,2,Add to Cart,0.05,0
3726,S03726,24,Mobile,1,698,3,2,Home,0.14851965850839938,0
3727,S03727,48,Mobile,5,610,4,4,Product,0.17050701734407284,0
3728,S03728,28,Mobile,7,280,23,9,Purchase,0.05,0
3729,S03729,30,Desktop,7,765,21,4,Purchase,0.05,0
3730,S03730,46,Tablet,1,63,11,5,Home,0.23827044608856374,0
3731,S03731,35,Desktop,7,743,7,7,Purchase,0.05,0
3732,S03732,22,Mobile,6,169,27,7,Checkout,0.05,0
3733,S03733,45,Mobile,4,788,9,9,Product,0.06023694913531992,0
3734,S03734,54,Mobile,6,26,17,3,Add to Cart,0.05,0
3735,S03735,43,Mobile,5,548,9,3,Add to Cart,0.05,0
3736,S03736,28,Mobile,7,587,15,2,Purchase,0.05,0
3737,S03737,48,Mobile,5,264,11,5,Add to Cart,0.230337274456188,0
3738,S03738,40,Mobile,1,393,12,5,Home,0.21272644993510514,0
3739,S03739,57,Mobile,3,879,21,9,Browse,0.05,0
3740,S03740,44,Desktop,6,654,1,7,Checkout,0.05,0
3741,S03741,58,Mobile,3,152,10,4,Browse,0.09991467848588749,0
3742,S03742,49,Desktop,3,850,18,1,Browse,0.05,0
3743,S03743,20,Desktop,2,326,22,2,Sign Up,0.18230569754257697,0
3744,S03744,54,Desktop,1,273,15,7,Home,0.05,0
3745,S03745,20,Desktop,6,249,27,3,Add to Cart,0.05,0
3746,S03746,34,Mobile,3,485,28,2,Browse,0.11769572111010342,0
3747,S03747,51,Mobile,3,395,25,2,Browse,0.14653376908029245,0
3748,S03748,43,Mobile,4,342,23,0,Product,0.06499677878633313,0
3749,S03749,32,Mobile,2,245,10,7,Sign Up,0.19667433358050934,0
3750,S03750,46,Tablet,5,878,5,8,Add to Cart,0.05,0
3751,S03751,32,Desktop,1,354,23,8,Home,0.19256581707633424,0
3752,S03752,57,Desktop,4,571,11,4,Product,0.3675758043426777,0
3753,S03753,23,Tablet,5,452,23,8,Add to Cart,0.05877986284847138,0
3754,S03754,18,Mobile,7,406,18,8,Purchase,0.05,0
3755,S03755,45,Tablet,5,378,28,6,Add to Cart,0.05,0
3756,S03756,50,Mobile,2,661,13,4,Sign Up,0.0914746936593098,0
3757,S03757,40,Tablet,2,472,28,6,Home,0.05,0
3758,S03758,57,Mobile,6,40,8,6,Checkout,0.2171138261112459,0
3759,S03759,27,Mobile,3,896,26,2,Browse,0.05,0
3760,S03760,34,Mobile,3,661,9,6,Sign Up,0.05,0
3761,S03761,37,Tablet,7,447,4,2,Purchase,0.05,1
3762,S03762,45,Desktop,3,795,25,9,Sign Up,0.05,0
3763,S03763,21,Desktop,2,42,9,4,Home,0.26871011429270925,0
3764,S03764,20,Mobile,2,246,9,2,Sign Up,0.22633402548294373,0
3765,S03765,34,Desktop,1,290,26,1,Home,0.10511942237428262,0
3766,S03766,21,Mobile,4,788,19,0,Browse,0.05,0
3767,S03767,52,Desktop,1,796,6,9,Home,0.11520446600011638,0
3768,S03768,40,Tablet,7,276,17,8,Checkout,0.05,0
3769,S03769,42,Mobile,6,673,22,4,Add to Cart,0.05,0
3770,S03770,58,Mobile,6,660,23,6,Product,0.05,0
3771,S03771,55,Desktop,2,46,8,4,Home,0.33544455450100863,0
3772,S03772,53,Mobile,6,85,25,7,Checkout,0.05,0
3773,S03773,55,Desktop,5,77,16,4,Product,0.08010748943540708,0
3774,S03774,54,Desktop,4,429,7,9,Browse,0.13863203045118566,0
3775,S03775,37,Mobile,6,95,23,1,Checkout,0.05,0
3776,S03776,37,Desktop,7,272,4,2,Purchase,0.05799497454889966,0
3777,S03777,43,Tablet,3,712,15,9,Sign Up,0.05,0
3778,S03778,43,Mobile,4,293,28,8,Product,0.05,0
3779,S03779,52,Mobile,4,874,2,2,Sign Up,0.05,1
3780,S03780,41,Tablet,2,781,21,2,Sign Up,0.15366087844702733,0
3781,S03781,19,Tablet,1,621,22,5,Home,0.05,0
3782,S03782,44,Tablet,6,263,5,8,Checkout,0.05,0
3783,S03783,44,Desktop,7,825,21,1,Add to Cart,0.05,0
3784,S03784,55,Mobile,7,502,20,0,Purchase,0.05,0
3785,S03785,32,Mobile,2,720,17,5,Sign Up,0.09542242893911684,0
3786,S03786,29,Mobile,6,395,18,5,Product,0.05,0
3787,S03787,25,Mobile,2,102,4,5,Sign Up,0.2080192269613094,1
3788,S03788,59,Mobile,1,811,20,6,Home,0.14027704623202952,0
3789,S03789,18,Mobile,5,133,29,5,Add to Cart,0.05,0
3790,S03790,53,Tablet,3,332,9,2,Browse,0.0567836576394217,0
3791,S03791,45,Mobile,5,750,16,2,Product,0.05,0
3792,S03792,32,Tablet,5,127,14,9,Add to Cart,0.05,0
3793,S03793,39,Mobile,6,433,14,0,Add to Cart,0.05,1
3794,S03794,55,Desktop,2,233,24,4,Sign Up,0.24380139847192858,0
3795,S03795,40,Desktop,5,186,24,9,Add to Cart,0.05,0
3796,S03796,25,Desktop,5,42,5,5,Add to Cart,0.20113557403980978,0
3797,S03797,26,Mobile,2,791,20,8,Sign Up,0.05,0
3798,S03798,20,Tablet,5,269,3,0,Add to Cart,0.24468708320365293,0
3799,S03799,21,Mobile,7,545,6,0,Purchase,0.05,0
3800,S03800,59,Desktop,4,715,15,2,Product,0.09237789239807517,0
3801,S03801,46,Desktop,1,740,1,5,Home,0.22669648799203496,1
3802,S03802,30,Mobile,5,489,20,7,Product,0.05,0
3803,S03803,44,Tablet,7,868,17,0,Purchase,0.05,0
3804,S03804,50,Desktop,6,594,17,4,Checkout,0.05,0
3805,S03805,35,Mobile,5,305,20,5,Product,0.05,0
3806,S03806,28,Desktop,5,202,21,6,Add to Cart,0.05,0
3807,S03807,53,Mobile,4,392,14,6,Product,0.05,0
3808,S03808,34,Desktop,5,550,10,1,Add to Cart,0.05,0
3809,S03809,37,Desktop,2,579,24,3,Sign Up,0.09017567161708862,0
3810,S03810,49,Mobile,5,717,12,9,Add to Cart,0.05,0
3811,S03811,22,Mobile,2,674,2,4,Sign Up,0.13053086168984523,0
3812,S03812,51,Desktop,2,167,19,6,Sign Up,0.2182556919928471,1
3813,S03813,51,Mobile,7,589,4,4,Purchase,0.08031156255380648,1
3814,S03814,58,Tablet,7,791,20,4,Purchase,0.05,0
3815,S03815,27,Tablet,7,102,1,0,Add to Cart,0.14623071203613308,0
3816,S03816,42,Desktop,1,588,19,9,Home,0.07047447909029236,0
3817,S03817,18,Mobile,5,763,22,7,Add to Cart,0.05,0
3818,S03818,35,Desktop,2,695,14,6,Sign Up,0.11708749826898543,0
3819,S03819,35,Mobile,5,223,18,7,Add to Cart,0.06531773186414105,0
3820,S03820,52,Tablet,5,743,20,3,Add to Cart,0.05,0
3821,S03821,56,Mobile,2,671,25,6,Sign Up,0.05,0
3822,S03822,29,Mobile,5,870,25,0,Add to Cart,0.05,0
3823,S03823,52,Desktop,2,425,15,6,Sign Up,0.2609556196953685,1
3824,S03824,34,Mobile,1,591,3,7,Home,0.1708751117068146,0
3825,S03825,48,Mobile,6,100,22,7,Checkout,0.05,0
3826,S03826,39,Mobile,7,465,23,4,Checkout,0.05,0
3827,S03827,38,Desktop,7,880,28,2,Add to Cart,0.05,0
3828,S03828,32,Desktop,6,202,8,4,Checkout,0.06655232352828393,0
3829,S03829,55,Mobile,1,822,20,8,Home,0.056923923750722874,0
3830,S03830,46,Mobile,3,228,8,1,Browse,0.14312899841487908,0
3831,S03831,45,Desktop,1,862,8,1,Home,0.2778422393523845,0
3832,S03832,42,Mobile,6,720,2,0,Checkout,0.09003500817071072,0
3833,S03833,44,Desktop,7,428,12,2,Purchase,0.10416932523521721,0
3834,S03834,46,Mobile,4,407,6,2,Product,0.06595918782791431,0
3835,S03835,52,Desktop,4,174,16,1,Product,0.05,0
3836,S03836,23,Mobile,5,498,7,8,Add to Cart,0.1691819797201736,0
3837,S03837,41,Mobile,1,508,22,3,Home,0.17901360717652218,1
3838,S03838,54,Mobile,4,388,16,0,Product,0.0938672344941473,0
3839,S03839,29,Desktop,6,152,22,3,Checkout,0.06433996230444552,0
3840,S03840,41,Mobile,4,155,25,8,Product,0.17170475657198536,0
3841,S03841,26,Mobile,4,613,17,4,Browse,0.05,0
3842,S03842,25,Mobile,5,203,27,2,Add to Cart,0.08601083336748452,0
3843,S03843,34,Desktop,3,440,16,5,Browse,0.131212223400818,1
3844,S03844,47,Mobile,1,670,24,9,Home,0.05,0
3845,S03845,46,Mobile,5,213,23,7,Add to Cart,0.08960381877934252,0
3846,S03846,31,Desktop,1,724,20,0,Home,0.08190256003702193,0
3847,S03847,19,Desktop,7,233,1,9,Purchase,0.07165091906585322,1
3848,S03848,29,Desktop,7,249,20,9,Checkout,0.05,0
3849,S03849,33,Desktop,6,451,8,7,Add to Cart,0.05,0
3850,S03850,35,Desktop,6,481,29,3,Product,0.05,0
3851,S03851,20,Mobile,6,841,20,9,Checkout,0.05,0
3852,S03852,47,Mobile,6,506,19,6,Add to Cart,0.05,1
3853,S03853,28,Desktop,6,745,8,5,Browse,0.05,0
3854,S03854,28,Desktop,4,247,19,3,Product,0.16347455268420602,0
3855,S03855,47,Mobile,1,49,22,0,Home,0.24117982674701272,1
3856,S03856,20,Tablet,6,73,21,0,Add to Cart,0.05,0
3857,S03857,47,Tablet,5,669,5,0,Add to Cart,0.18156808706540795,1
3858,S03858,37,Mobile,2,286,29,6,Sign Up,0.05,0
3859,S03859,45,Mobile,3,756,16,3,Browse,0.09147312589812859,0
3860,S03860,26,Mobile,3,255,28,8,Browse,0.05,0
3861,S03861,33,Mobile,5,65,21,9,Add to Cart,0.05,0
3862,S03862,48,Desktop,3,456,24,9,Browse,0.05,0
3863,S03863,36,Mobile,2,849,13,2,Sign Up,0.20858027713171098,0
3864,S03864,54,Desktop,2,484,3,0,Home,0.28875560794182237,0
3865,S03865,45,Desktop,4,428,25,8,Product,0.15259854349336782,1
3866,S03866,46,Tablet,4,24,20,4,Product,0.11968305303983157,1
3867,S03867,18,Tablet,7,433,6,5,Add to Cart,0.05,0
3868,S03868,29,Tablet,7,282,19,0,Purchase,0.05,0
3869,S03869,46,Desktop,5,654,5,0,Add to Cart,0.22219347407605122,0
3870,S03870,35,Desktop,7,35,2,8,Purchase,0.05,0
3871,S03871,30,Desktop,2,763,29,3,Sign Up,0.05,0
3872,S03872,44,Mobile,4,595,10,7,Product,0.0513578468404076,0
3873,S03873,44,Mobile,2,128,1,6,Sign Up,0.28051567994002546,0
3874,S03874,48,Mobile,2,409,10,1,Sign Up,0.42667515372127796,0
3875,S03875,22,Desktop,3,165,4,7,Browse,0.1229476149156571,0
3876,S03876,19,Mobile,7,379,1,9,Purchase,0.08006292200319079,0
3877,S03877,52,Desktop,5,389,29,4,Add to Cart,0.05,0
3878,S03878,35,Desktop,5,119,21,0,Add to Cart,0.05,0
3879,S03879,39,Desktop,3,555,26,8,Browse,0.05,0
3880,S03880,29,Mobile,7,730,27,5,Purchase,0.05,0
3881,S03881,40,Desktop,6,857,21,4,Checkout,0.05,0
3882,S03882,38,Desktop,7,557,10,1,Purchase,0.05,0
3883,S03883,56,Mobile,6,175,21,1,Checkout,0.05,0
3884,S03884,31,Mobile,2,587,15,2,Sign Up,0.16866179375827786,0
3885,S03885,41,Mobile,6,342,29,9,Checkout,0.05,0
3886,S03886,45,Tablet,5,600,28,9,Add to Cart,0.05,0
3887,S03887,40,Mobile,2,368,20,2,Sign Up,0.23172694198772,0
3888,S03888,21,Mobile,2,394,24,3,Sign Up,0.1588339572374254,0
3889,S03889,56,Mobile,4,661,14,7,Product,0.05,0
3890,S03890,22,Desktop,6,425,16,7,Add to Cart,0.05,0
3891,S03891,23,Tablet,2,412,4,2,Sign Up,0.16819458749045404,0
3892,S03892,30,Mobile,7,863,21,4,Purchase,0.05,0
3893,S03893,43,Desktop,1,429,15,6,Home,0.12998611563533527,0
3894,S03894,21,Desktop,1,489,25,3,Home,0.16171714993817204,0
3895,S03895,46,Desktop,1,115,26,3,Home,0.2714768238137985,1
3896,S03896,38,Mobile,1,625,28,3,Home,0.11679844269544157,0
3897,S03897,54,Desktop,1,107,10,2,Home,0.15320471156452412,0
3898,S03898,27,Tablet,6,616,4,5,Checkout,0.1326220273537567,0
3899,S03899,35,Mobile,4,218,23,9,Product,0.05,0
3900,S03900,52,Mobile,7,844,12,4,Add to Cart,0.05,0
3901,S03901,25,Desktop,7,460,21,5,Purchase,0.05,0
3902,S03902,41,Mobile,7,152,7,2,Add to Cart,0.05,1
3903,S03903,39,Desktop,1,701,12,6,Home,0.2677319069937274,0
3904,S03904,54,Mobile,5,216,4,5,Add to Cart,0.13394199286413278,0
3905,S03905,57,Mobile,6,646,19,5,Checkout,0.05,0
3906,S03906,35,Desktop,3,852,10,1,Browse,0.11882855988984214,0
3907,S03907,54,Desktop,6,659,6,7,Checkout,0.05,0
3908,S03908,41,Desktop,1,722,4,5,Home,0.28124217167371673,0
3909,S03909,45,Desktop,6,683,4,4,Checkout,0.05,0
3910,S03910,41,Mobile,2,107,14,7,Sign Up,0.2531858420104973,0
3911,S03911,32,Desktop,2,235,13,9,Sign Up,0.12390303474733766,0
3912,S03912,23,Mobile,1,595,17,0,Home,0.22216330885199195,0
3913,S03913,32,Mobile,1,705,13,5,Home,0.05,0
3914,S03914,26,Mobile,6,554,21,9,Checkout,0.05,0
3915,S03915,56,Mobile,4,636,24,9,Product,0.05,0
3916,S03916,49,Desktop,2,580,17,4,Sign Up,0.10724067604066766,0
3917,S03917,38,Desktop,4,490,4,0,Browse,0.1661227498165185,0
3918,S03918,24,Mobile,7,783,8,6,Purchase,0.05,0
3919,S03919,41,Mobile,4,567,25,0,Product,0.05,0
3920,S03920,51,Desktop,4,241,29,4,Product,0.08133575049100113,0
3921,S03921,53,Mobile,7,768,4,9,Purchase,0.05,0
3922,S03922,22,Mobile,1,72,16,8,Home,0.1844618222105782,0
3923,S03923,59,Desktop,2,485,10,4,Sign Up,0.28229952453252005,0
3924,S03924,28,Mobile,1,709,28,5,Home,0.15371299648135206,0
3925,S03925,49,Mobile,7,672,13,6,Purchase,0.05,0
3926,S03926,47,Mobile,3,517,22,4,Browse,0.05,0
3927,S03927,22,Desktop,7,328,7,4,Purchase,0.05,0
3928,S03928,37,Mobile,7,590,19,5,Purchase,0.05,0
3929,S03929,53,Mobile,1,235,10,6,Home,0.3438094606593166,0
3930,S03930,36,Desktop,1,120,1,0,Home,0.42761795073198966,0
3931,S03931,34,Tablet,3,470,13,3,Browse,0.05,0
3932,S03932,24,Mobile,1,760,23,7,Home,0.05,0
3933,S03933,53,Desktop,1,519,12,4,Home,0.22507508791309566,0
3934,S03934,45,Desktop,7,422,11,5,Checkout,0.05,0
3935,S03935,58,Mobile,4,337,26,2,Product,0.05,0
3936,S03936,43,Desktop,5,627,28,9,Add to Cart,0.05,0
3937,S03937,43,Mobile,1,299,18,7,Home,0.2362352000308482,1
3938,S03938,34,Tablet,3,835,12,0,Sign Up,0.1286614918687136,0
3939,S03939,45,Desktop,3,706,8,6,Sign Up,0.05,0
3940,S03940,34,Desktop,7,355,20,6,Purchase,0.05,0
3941,S03941,21,Mobile,7,102,4,1,Checkout,0.11798232252072695,0
3942,S03942,18,Desktop,4,31,6,9,Product,0.11700975950155953,0
3943,S03943,32,Tablet,1,245,10,5,Home,0.24002740596694924,0
3944,S03944,19,Tablet,5,769,8,5,Add to Cart,0.05,0
3945,S03945,51,Mobile,3,555,3,5,Browse,0.2582722533391455,0
3946,S03946,41,Mobile,5,22,2,8,Add to Cart,0.11670784806610097,0
3947,S03947,43,Desktop,2,411,15,4,Sign Up,0.13101934039682545,1
3948,S03948,20,Mobile,2,388,14,5,Sign Up,0.2220631156371041,0
3949,S03949,35,Desktop,7,64,16,2,Checkout,0.102807187086145,0
3950,S03950,55,Mobile,5,755,18,3,Browse,0.05,0
3951,S03951,55,Desktop,2,575,3,7,Sign Up,0.2026917833217729,0
3952,S03952,24,Mobile,7,475,10,0,Product,0.05,0
3953,S03953,40,Mobile,5,331,28,6,Add to Cart,0.05,0
3954,S03954,23,Mobile,4,643,9,7,Product,0.05522807261360413,0
3955,S03955,30,Mobile,6,505,3,1,Checkout,0.05,0
3956,S03956,49,Desktop,1,686,8,4,Home,0.09447928327737883,1
3957,S03957,22,Mobile,1,77,8,9,Home,0.19127076410167254,0
3958,S03958,38,Tablet,2,593,8,1,Home,0.17020724730544748,0
3959,S03959,54,Mobile,3,806,5,9,Browse,0.05,0
3960,S03960,19,Desktop,3,252,19,2,Browse,0.16444989859896406,0
3961,S03961,53,Desktop,2,91,13,8,Sign Up,0.12529839682153446,1
3962,S03962,40,Desktop,3,542,2,9,Browse,0.05,0
3963,S03963,52,Mobile,7,358,16,9,Purchase,0.05,0
3964,S03964,42,Desktop,2,576,20,0,Sign Up,0.18073106773293598,0
3965,S03965,35,Desktop,2,667,29,0,Sign Up,0.05,0
3966,S03966,39,Mobile,5,893,3,7,Add to Cart,0.05,0
3967,S03967,19,Mobile,7,489,28,7,Add to Cart,0.05,0
3968,S03968,39,Desktop,1,756,6,7,Home,0.3420413586349218,0
3969,S03969,43,Desktop,5,494,12,0,Add to Cart,0.05,0
3970,S03970,44,Tablet,7,458,4,0,Purchase,0.15731372308814345,0
3971,S03971,55,Mobile,5,796,20,8,Add to Cart,0.05,0
3972,S03972,32,Mobile,1,82,27,2,Home,0.19449545586752354,0
3973,S03973,54,Mobile,4,422,13,2,Browse,0.12468809469666937,0
3974,S03974,21,Desktop,4,576,17,3,Product,0.05,0
3975,S03975,29,Mobile,1,371,2,5,Home,0.31551352660530674,1
3976,S03976,44,Desktop,3,670,21,2,Browse,0.09537802858711844,0
3977,S03977,19,Mobile,5,344,13,2,Browse,0.09292304136346202,0
3978,S03978,55,Mobile,2,509,9,6,Sign Up,0.0830764794707392,0
3979,S03979,26,Desktop,6,121,8,2,Checkout,0.08376457514804181,0
3980,S03980,58,Desktop,4,491,7,7,Product,0.11462622104540257,1
3981,S03981,55,Mobile,1,72,28,2,Home,0.05,0
3982,S03982,19,Mobile,6,778,8,4,Add to Cart,0.05,0
3983,S03983,21,Mobile,2,41,13,7,Sign Up,0.07605563727361196,0
3984,S03984,28,Desktop,1,425,14,2,Home,0.20745414341271956,0
3985,S03985,48,Mobile,4,422,10,4,Sign Up,0.11109243637075014,0
3986,S03986,47,Mobile,6,614,29,1,Add to Cart,0.05,1
3987,S03987,19,Mobile,1,491,12,4,Home,0.09215911132093567,0
3988,S03988,40,Mobile,6,697,11,1,Checkout,0.05,0
3989,S03989,35,Desktop,6,613,8,3,Checkout,0.16862317887994221,0
3990,S03990,59,Desktop,4,794,4,4,Product,0.05,0
3991,S03991,31,Desktop,5,423,25,3,Add to Cart,0.05,0
3992,S03992,28,Mobile,1,669,29,8,Home,0.06212303781536007,1
3993,S03993,56,Mobile,5,329,19,3,Add to Cart,0.09078555430273998,0
3994,S03994,41,Mobile,2,244,10,9,Sign Up,0.13413162616085034,0
3995,S03995,53,Mobile,1,790,26,1,Home,0.30593856958755933,0
3996,S03996,41,Mobile,3,626,15,2,Browse,0.16257960588031808,0
3997,S03997,24,Desktop,3,801,18,0,Browse,0.13157604959953387,1
3998,S03998,51,Mobile,7,489,20,8,Purchase,0.05,0
3999,S03999,19,Desktop,4,330,21,8,Product,0.05,0
4000,S04000,52,Tablet,4,249,12,2,Product,0.23509476565311438,0
4001,S04001,35,Desktop,2,262,10,4,Sign Up,0.28614185143924586,1
4002,S04002,45,Mobile,1,32,9,0,Home,0.3522514965338132,1
4003,S04003,36,Desktop,7,53,4,6,Purchase,0.16011161044430977,0
4004,S04004,49,Tablet,3,493,23,5,Browse,0.14211887662125738,0
4005,S04005,19,Tablet,1,648,14,4,Home,0.21420716640059909,0
4006,S04006,57,Mobile,5,440,5,0,Add to Cart,0.05,0
4007,S04007,29,Mobile,6,588,10,3,Checkout,0.08254948549574219,0
4008,S04008,21,Desktop,1,749,14,2,Home,0.18763363079204157,0
4009,S04009,37,Desktop,3,256,7,7,Browse,0.24598107054388543,0
4010,S04010,52,Mobile,1,34,13,9,Home,0.1464132716393974,0
4011,S04011,31,Mobile,7,536,19,7,Checkout,0.08057456537690448,0
4012,S04012,52,Mobile,2,495,17,6,Sign Up,0.09495953406159498,0
4013,S04013,22,Desktop,5,582,11,1,Add to Cart,0.08471342262843137,0
4014,S04014,41,Tablet,3,64,16,5,Browse,0.25150317426544266,0
4015,S04015,28,Desktop,1,899,25,6,Home,0.13552990379041752,0
4016,S04016,28,Tablet,2,296,3,9,Sign Up,0.1399048687165069,0
4017,S04017,22,Mobile,2,299,7,1,Sign Up,0.18246298996090138,0
4018,S04018,53,Desktop,1,856,12,3,Home,0.21040453024103936,0
4019,S04019,56,Desktop,6,706,14,1,Product,0.1440496096524848,0
4020,S04020,37,Desktop,2,423,19,8,Sign Up,0.05,0
4021,S04021,27,Mobile,4,285,19,3,Product,0.24876395032091836,0
4022,S04022,55,Mobile,6,756,25,8,Browse,0.05,1
4023,S04023,56,Mobile,2,143,15,9,Sign Up,0.07018482670765828,1
4024,S04024,56,Desktop,1,865,29,4,Home,0.07946466329425735,0
4025,S04025,24,Desktop,3,884,22,7,Sign Up,0.15452328509560048,1
4026,S04026,38,Desktop,5,274,8,1,Add to Cart,0.1275167055003624,1
4027,S04027,21,Tablet,5,224,7,4,Add to Cart,0.11480234010296195,0
4028,S04028,53,Mobile,2,265,15,2,Sign Up,0.32678023006126444,1
4029,S04029,26,Mobile,2,513,16,3,Sign Up,0.18986551191058237,0
4030,S04030,43,Mobile,5,566,8,5,Add to Cart,0.05,0
4031,S04031,59,Desktop,1,408,25,2,Home,0.2099527434971479,0
4032,S04032,55,Mobile,4,250,3,5,Product,0.2748832234934229,0
4033,S04033,18,Mobile,5,100,25,4,Add to Cart,0.10896443373644568,0
4034,S04034,44,Desktop,7,744,17,1,Purchase,0.05,0
4035,S04035,33,Desktop,5,128,12,9,Add to Cart,0.15973759415281277,0
4036,S04036,42,Mobile,2,652,27,8,Home,0.13994963558525275,0
4037,S04037,29,Desktop,5,183,8,2,Add to Cart,0.05,0
4038,S04038,24,Desktop,5,425,28,8,Add to Cart,0.05,0
4039,S04039,59,Mobile,2,399,28,3,Sign Up,0.09942843294054537,0
4040,S04040,38,Desktop,5,418,2,7,Product,0.060506100484748235,0
4041,S04041,56,Mobile,5,752,13,7,Add to Cart,0.05,0
4042,S04042,40,Mobile,2,228,15,1,Home,0.3907819941206203,0
4043,S04043,48,Tablet,1,602,19,0,Home,0.22453267957754378,0
4044,S04044,32,Mobile,2,254,10,2,Sign Up,0.28881011240536114,0
4045,S04045,50,Mobile,2,444,9,8,Sign Up,0.130146262434757,0
4046,S04046,44,Mobile,3,561,3,4,Sign Up,0.16848522568277885,0
4047,S04047,57,Desktop,3,348,16,7,Sign Up,0.2559987057734821,0
4048,S04048,30,Mobile,4,171,13,7,Product,0.17273658056490915,1
4049,S04049,52,Mobile,3,795,21,4,Browse,0.12756949857527455,0
4050,S04050,50,Mobile,3,540,17,3,Browse,0.05429877941293065,0
4051,S04051,34,Mobile,6,71,14,9,Checkout,0.05,0
4052,S04052,22,Desktop,7,670,19,4,Purchase,0.05,0
4053,S04053,34,Desktop,4,846,25,7,Product,0.05,0
4054,S04054,41,Tablet,7,443,11,3,Purchase,0.05,0
4055,S04055,25,Desktop,3,494,4,0,Browse,0.3850527631458629,1
4056,S04056,58,Desktop,7,772,16,9,Product,0.05,0
4057,S04057,58,Desktop,5,438,5,7,Add to Cart,0.05,0
4058,S04058,31,Desktop,7,869,23,6,Add to Cart,0.05,0
4059,S04059,24,Mobile,7,653,4,3,Add to Cart,0.05,0
4060,S04060,45,Desktop,1,338,25,7,Home,0.13155506267497544,0
4061,S04061,21,Desktop,6,479,22,1,Browse,0.05116836652053041,0
4062,S04062,45,Mobile,3,801,16,1,Browse,0.18691738839838803,0
4063,S04063,30,Mobile,1,674,17,5,Home,0.0944370764681036,0
4064,S04064,44,Mobile,1,748,23,0,Home,0.10732417764818171,0
4065,S04065,45,Mobile,3,453,15,0,Browse,0.2476694653958285,0
4066,S04066,41,Desktop,4,396,10,5,Product,0.18644262136306844,0
4067,S04067,57,Mobile,5,439,3,5,Add to Cart,0.05,0
4068,S04068,26,Desktop,4,332,26,0,Browse,0.11343584082754485,1
4069,S04069,41,Mobile,5,230,7,9,Add to Cart,0.08779096114249446,1
4070,S04070,31,Mobile,4,227,26,0,Product,0.11433074451457814,0
4071,S04071,53,Mobile,4,133,1,7,Product,0.06347681511396086,0
4072,S04072,55,Mobile,1,37,14,2,Home,0.23706625616450613,0
4073,S04073,49,Tablet,1,489,1,8,Home,0.3294685971618227,1
4074,S04074,44,Mobile,7,611,20,3,Purchase,0.05,0
4075,S04075,53,Desktop,1,821,26,6,Home,0.18368321423491887,0
4076,S04076,34,Tablet,1,312,15,1,Home,0.21727562996101354,0
4077,S04077,47,Tablet,5,727,24,1,Product,0.0791013344893512,0
4078,S04078,39,Mobile,3,527,27,6,Browse,0.05,0
4079,S04079,42,Mobile,2,105,12,4,Home,0.3036829284679103,1
4080,S04080,49,Mobile,1,872,29,4,Home,0.05,0
4081,S04081,54,Mobile,3,349,3,8,Browse,0.08161085234162979,0
4082,S04082,42,Desktop,6,632,22,8,Add to Cart,0.05,0
4083,S04083,36,Mobile,7,555,20,7,Purchase,0.05,0
4084,S04084,36,Mobile,7,313,15,5,Purchase,0.05,0
4085,S04085,36,Desktop,5,578,3,4,Add to Cart,0.13395969628044738,0
4086,S04086,36,Mobile,3,481,21,3,Browse,0.22410452846081608,0
4087,S04087,47,Tablet,4,453,5,9,Product,0.059333150247899875,0
4088,S04088,18,Mobile,1,313,23,4,Home,0.25339759172788645,0
4089,S04089,27,Tablet,2,120,20,4,Sign Up,0.20034220310052986,0
4090,S04090,23,Tablet,5,156,29,7,Product,0.05,0
4091,S04091,27,Mobile,5,159,9,8,Add to Cart,0.11540679868430273,0
4092,S04092,51,Mobile,4,802,17,5,Product,0.05,0
4093,S04093,59,Mobile,5,79,28,3,Add to Cart,0.12359878378043022,0
4094,S04094,45,Desktop,2,760,25,1,Sign Up,0.05,0
4095,S04095,28,Desktop,6,600,4,6,Checkout,0.16350739378047957,0
4096,S04096,18,Tablet,3,385,14,0,Browse,0.12088577642169439,0
4097,S04097,42,Mobile,2,845,28,9,Home,0.05,0
4098,S04098,41,Desktop,3,551,20,8,Browse,0.11365012963532538,0
4099,S04099,41,Desktop,1,515,1,9,Home,0.10245455993898729,1
4100,S04100,19,Desktop,7,563,24,1,Purchase,0.05,0
4101,S04101,47,Mobile,1,61,15,7,Home,0.23646825063522653,0
4102,S04102,26,Mobile,1,777,16,0,Home,0.14797925526070582,0
4103,S04103,55,Mobile,5,283,1,9,Add to Cart,0.1492682720036717,0
4104,S04104,22,Tablet,5,251,3,5,Add to Cart,0.05,0
4105,S04105,58,Mobile,4,100,8,5,Browse,0.15424386550171743,1
4106,S04106,38,Desktop,3,891,13,3,Browse,0.12604438125931103,0
4107,S04107,55,Desktop,2,608,12,7,Sign Up,0.2036438216319078,0
4108,S04108,18,Mobile,4,572,23,9,Product,0.05,0
4109,S04109,27,Desktop,1,671,14,2,Home,0.12607408790630575,0
4110,S04110,55,Desktop,4,477,10,9,Browse,0.14163248663379086,0
4111,S04111,37,Mobile,7,342,3,6,Purchase,0.05,0
4112,S04112,46,Mobile,7,336,14,3,Checkout,0.06246168511240518,0
4113,S04113,24,Mobile,4,744,1,7,Browse,0.05,1
4114,S04114,23,Mobile,1,297,14,6,Home,0.343640663497111,0
4115,S04115,48,Tablet,4,366,7,9,Product,0.15898097571778114,0
4116,S04116,29,Desktop,2,314,2,3,Home,0.15527410215307036,0
4117,S04117,45,Mobile,4,189,29,3,Product,0.05,1
4118,S04118,39,Mobile,5,452,21,2,Add to Cart,0.128360642426222,0
4119,S04119,44,Desktop,3,142,12,6,Sign Up,0.05,0
4120,S04120,22,Desktop,4,361,6,6,Product,0.05094818142392517,0
4121,S04121,25,Tablet,3,795,21,8,Browse,0.07759624049490974,0
4122,S04122,19,Mobile,4,473,27,4,Product,0.14159513549252983,0
4123,S04123,35,Mobile,6,31,6,0,Checkout,0.12082288722518154,0
4124,S04124,24,Mobile,4,339,25,2,Browse,0.06959175494880879,0
4125,S04125,32,Desktop,4,294,6,2,Product,0.278869528827178,0
4126,S04126,48,Desktop,2,266,14,8,Sign Up,0.27960834080894215,0
4127,S04127,38,Desktop,4,144,9,0,Product,0.2489649431334349,0
4128,S04128,46,Mobile,1,228,24,4,Home,0.07517232287269444,0
4129,S04129,42,Desktop,4,381,27,6,Product,0.17755225679960032,0
4130,S04130,53,Mobile,7,240,4,1,Checkout,0.22226302458268837,1
4131,S04131,35,Mobile,7,526,14,2,Purchase,0.05,0
4132,S04132,42,Mobile,6,789,13,6,Checkout,0.05,0
4133,S04133,51,Desktop,3,853,18,2,Sign Up,0.18173539830943602,0
4134,S04134,20,Mobile,2,304,14,2,Sign Up,0.17875154213873645,0
4135,S04135,27,Mobile,2,276,27,3,Sign Up,0.06688186664921053,0
4136,S04136,32,Mobile,4,422,24,1,Browse,0.05,0
4137,S04137,21,Mobile,1,351,22,7,Home,0.0879665973643391,1
4138,S04138,37,Desktop,5,426,5,7,Add to Cart,0.052323140973553256,0
4139,S04139,39,Desktop,1,821,16,0,Home,0.3112862061054174,0
4140,S04140,35,Desktop,2,119,20,2,Sign Up,0.35274919170989494,0
4141,S04141,28,Mobile,7,447,18,7,Purchase,0.05,0
4142,S04142,52,Desktop,2,805,3,8,Sign Up,0.13472099858609782,0
4143,S04143,49,Mobile,6,345,11,0,Checkout,0.05,0
4144,S04144,29,Desktop,5,120,2,2,Add to Cart,0.07688720394010735,0
4145,S04145,22,Mobile,7,256,11,2,Checkout,0.05,0
4146,S04146,20,Mobile,7,552,5,1,Add to Cart,0.05,0
4147,S04147,35,Mobile,7,493,1,0,Checkout,0.09516588026050578,0
4148,S04148,19,Desktop,5,455,5,7,Product,0.05,0
4149,S04149,47,Mobile,1,114,9,2,Home,0.22174443312189118,0
4150,S04150,59,Mobile,6,72,29,0,Checkout,0.05,0
4151,S04151,25,Mobile,3,220,19,5,Browse,0.07781482613431132,0
4152,S04152,34,Mobile,2,471,17,8,Sign Up,0.05,0
4153,S04153,50,Mobile,7,92,17,7,Add to Cart,0.05,0
4154,S04154,38,Mobile,1,507,4,9,Home,0.2613599507451437,0
4155,S04155,34,Desktop,7,695,29,8,Purchase,0.05,0
4156,S04156,52,Mobile,5,781,25,4,Add to Cart,0.05,1
4157,S04157,44,Desktop,7,628,21,2,Checkout,0.0698812319572745,0
4158,S04158,36,Mobile,1,117,25,8,Home,0.19149320076098503,0
4159,S04159,33,Mobile,4,448,20,8,Browse,0.05,0
4160,S04160,35,Desktop,7,250,10,8,Purchase,0.05,1
4161,S04161,48,Mobile,2,527,18,2,Sign Up,0.15466820818255317,1
4162,S04162,57,Mobile,5,184,13,2,Browse,0.1496934764958128,0
4163,S04163,47,Mobile,1,885,9,7,Home,0.05,0
4164,S04164,38,Mobile,6,130,25,1,Checkout,0.10466844783591117,0
4165,S04165,39,Mobile,6,565,22,7,Checkout,0.05,0
4166,S04166,39,Mobile,6,786,16,6,Add to Cart,0.05,0
4167,S04167,18,Mobile,2,738,5,0,Sign Up,0.08454040918854808,0
4168,S04168,55,Desktop,2,751,13,6,Sign Up,0.08458623890151032,0
4169,S04169,39,Mobile,4,576,28,9,Product,0.05,0
4170,S04170,40,Desktop,3,759,16,6,Browse,0.12169579544960872,0
4171,S04171,38,Mobile,3,132,25,4,Browse,0.09777895452877867,0
4172,S04172,52,Desktop,1,709,7,1,Home,0.09982823130903137,0
4173,S04173,41,Mobile,7,313,27,0,Checkout,0.05,0
4174,S04174,27,Desktop,6,778,4,4,Add to Cart,0.05,1
4175,S04175,31,Mobile,7,841,19,6,Purchase,0.05,0
4176,S04176,18,Tablet,7,656,20,6,Checkout,0.05,0
4177,S04177,30,Tablet,4,775,1,5,Product,0.07017586561642755,0
4178,S04178,21,Mobile,6,380,22,2,Checkout,0.05,0
4179,S04179,26,Desktop,1,859,17,7,Home,0.05,0
4180,S04180,52,Desktop,4,312,28,8,Product,0.05,0
4181,S04181,50,Mobile,1,585,5,9,Home,0.1861319460844184,0
4182,S04182,26,Desktop,1,393,16,7,Home,0.21305956804772813,0
4183,S04183,43,Desktop,3,768,17,4,Sign Up,0.19378297029258917,1
4184,S04184,46,Mobile,7,246,3,1,Purchase,0.09783410162282773,0
4185,S04185,58,Desktop,4,874,23,5,Product,0.057729691098364413,0
4186,S04186,23,Mobile,4,210,22,9,Browse,0.07709449161845824,0
4187,S04187,49,Desktop,6,189,13,7,Checkout,0.05,1
4188,S04188,50,Mobile,2,377,26,4,Sign Up,0.06868360973819365,1
4189,S04189,35,Mobile,1,303,24,8,Home,0.18754793676262624,0
4190,S04190,21,Mobile,6,204,5,6,Product,0.05733638538123272,0
4191,S04191,49,Mobile,5,286,18,6,Add to Cart,0.05,0
4192,S04192,46,Mobile,4,440,2,3,Product,0.07350982295139773,0
4193,S04193,59,Desktop,5,390,3,6,Product,0.2073076958857425,0
4194,S04194,43,Tablet,1,278,2,6,Home,0.4144416000081752,0
4195,S04195,47,Mobile,3,540,8,8,Browse,0.05,0
4196,S04196,44,Tablet,2,750,2,6,Home,0.16541718712357398,0
4197,S04197,29,Mobile,7,890,15,9,Checkout,0.05,0
4198,S04198,37,Mobile,3,783,17,6,Browse,0.05,0
4199,S04199,19,Tablet,5,800,29,7,Add to Cart,0.05,0
4200,S04200,38,Mobile,6,89,19,4,Checkout,0.05,0
4201,S04201,41,Mobile,1,367,16,4,Home,0.29285710355357375,0
4202,S04202,33,Tablet,5,688,9,8,Product,0.05,0
4203,S04203,24,Tablet,3,899,19,0,Browse,0.05638628464655038,0
4204,S04204,51,Mobile,5,579,26,4,Add to Cart,0.05,0
4205,S04205,54,Tablet,7,252,25,0,Purchase,0.05,0
4206,S04206,36,Desktop,7,279,5,5,Add to Cart,0.05,0
4207,S04207,51,Mobile,6,130,7,8,Checkout,0.05,0
4208,S04208,41,Mobile,4,296,24,4,Product,0.1258505028475323,0
4209,S04209,39,Mobile,1,585,25,1,Home,0.16127847354123956,0
4210,S04210,39,Mobile,2,257,28,1,Sign Up,0.1802292198101196,0
4211,S04211,46,Mobile,6,831,22,6,Checkout,0.05,0
4212,S04212,20,Desktop,7,836,24,9,Purchase,0.05,0
4213,S04213,48,Desktop,7,354,29,7,Purchase,0.05,0
4214,S04214,24,Mobile,2,804,18,2,Home,0.20864131927012047,0
4215,S04215,28,Mobile,7,568,5,7,Add to Cart,0.05,0
4216,S04216,35,Tablet,5,884,14,8,Product,0.05,0
4217,S04217,33,Desktop,3,536,26,9,Browse,0.05,0
4218,S04218,22,Desktop,6,52,5,9,Checkout,0.05,0
4219,S04219,25,Mobile,5,653,18,5,Product,0.05,0
4220,S04220,42,Mobile,5,398,25,2,Product,0.08535254091563971,0
4221,S04221,47,Mobile,6,269,6,6,Checkout,0.09869580992035669,0
4222,S04222,54,Tablet,1,623,8,2,Home,0.2590666081796192,0
4223,S04223,48,Desktop,5,816,15,0,Add to Cart,0.11254517481185872,0
4224,S04224,18,Desktop,4,128,20,8,Product,0.19313095959744647,1
4225,S04225,18,Tablet,1,691,18,0,Home,0.10222372093957986,0
4226,S04226,51,Desktop,7,722,14,5,Checkout,0.05,0
4227,S04227,27,Mobile,6,231,6,7,Checkout,0.05,0
4228,S04228,37,Mobile,2,733,29,8,Home,0.05,0
4229,S04229,49,Mobile,5,36,28,8,Product,0.05,0
4230,S04230,33,Desktop,4,356,23,6,Product,0.05,0
4231,S04231,32,Desktop,7,216,9,8,Purchase,0.05,0
4232,S04232,18,Tablet,5,625,19,5,Add to Cart,0.07126579210665167,0
4233,S04233,18,Desktop,5,93,18,3,Add to Cart,0.06953406087583282,0
4234,S04234,28,Desktop,2,276,27,0,Sign Up,0.10287942125797692,0
4235,S04235,34,Mobile,3,213,16,6,Browse,0.3046843374235349,0
4236,S04236,36,Tablet,6,54,10,6,Checkout,0.05,0
4237,S04237,46,Desktop,1,310,12,7,Home,0.18454496664356473,0
4238,S04238,23,Mobile,6,216,7,6,Checkout,0.05,0
4239,S04239,55,Mobile,6,843,4,2,Checkout,0.05,0
4240,S04240,43,Tablet,1,382,26,8,Home,0.06678622340930195,0
4241,S04241,22,Mobile,3,460,25,8,Sign Up,0.05,0
4242,S04242,25,Desktop,1,342,17,3,Home,0.1704938092861233,0
4243,S04243,24,Desktop,1,184,1,5,Home,0.3775963485289051,1
4244,S04244,47,Mobile,4,173,2,0,Product,0.24692306380867252,0
4245,S04245,31,Mobile,5,118,1,2,Add to Cart,0.23510959821450583,0
4246,S04246,22,Mobile,2,415,27,8,Sign Up,0.2667580370229532,0
4247,S04247,25,Mobile,3,431,5,2,Home,0.12190480022094562,0
4248,S04248,55,Tablet,2,416,19,9,Sign Up,0.05,0
4249,S04249,53,Mobile,6,155,27,1,Checkout,0.05,0
4250,S04250,37,Mobile,1,810,6,2,Home,0.18609855224226815,0
4251,S04251,51,Mobile,3,328,29,6,Browse,0.08162295611238098,0
4252,S04252,19,Mobile,5,652,21,5,Product,0.05,0
4253,S04253,33,Desktop,7,138,20,3,Product,0.05,0
4254,S04254,57,Tablet,1,829,23,6,Home,0.05,0
4255,S04255,34,Mobile,1,842,21,3,Home,0.0995285668508777,0
4256,S04256,55,Mobile,5,739,16,2,Product,0.09431631123873882,0
4257,S04257,30,Desktop,2,629,23,9,Sign Up,0.10262783482238991,0
4258,S04258,46,Desktop,5,344,4,6,Add to Cart,0.05,0
4259,S04259,56,Tablet,4,410,24,4,Browse,0.13264872257604293,0
4260,S04260,48,Desktop,6,543,11,3,Checkout,0.05,0
4261,S04261,55,Desktop,2,807,1,1,Sign Up,0.25386550994383933,0
4262,S04262,59,Mobile,1,405,28,2,Home,0.2402692925473266,0
4263,S04263,40,Mobile,5,409,10,6,Add to Cart,0.12021684261349402,0
4264,S04264,20,Mobile,6,360,28,1,Checkout,0.05,0
4265,S04265,52,Mobile,4,396,3,5,Product,0.15185885811415736,0
4266,S04266,25,Desktop,6,276,3,3,Checkout,0.05,0
4267,S04267,31,Desktop,3,775,13,3,Browse,0.1309204010220343,0
4268,S04268,19,Desktop,4,143,1,1,Product,0.23449468247386057,0
4269,S04269,56,Mobile,6,686,8,4,Add to Cart,0.0592310220004419,0
4270,S04270,28,Mobile,5,284,3,5,Add to Cart,0.062095750960757604,0
4271,S04271,19,Desktop,4,674,4,5,Product,0.05,0
4272,S04272,35,Mobile,5,44,14,5,Add to Cart,0.10695885582129452,0
4273,S04273,23,Mobile,6,578,17,5,Checkout,0.05,0
4274,S04274,54,Mobile,6,271,6,3,Checkout,0.18914530940968383,0
4275,S04275,35,Mobile,7,471,24,5,Purchase,0.05,0
4276,S04276,36,Mobile,6,270,19,5,Checkout,0.05,0
4277,S04277,48,Mobile,7,731,9,0,Add to Cart,0.057101204418424034,0
4278,S04278,59,Desktop,7,830,4,3,Checkout,0.05,0
4279,S04279,50,Desktop,3,593,22,4,Browse,0.16730417946012777,0
4280,S04280,46,Desktop,3,419,8,9,Browse,0.08836223361953671,0
4281,S04281,56,Desktop,7,31,7,0,Purchase,0.06903378671300373,0
4282,S04282,32,Mobile,3,437,10,1,Browse,0.35270957214563825,0
4283,S04283,38,Mobile,3,296,18,3,Sign Up,0.1421939381654824,0
4284,S04284,47,Desktop,6,186,14,9,Checkout,0.05,1
4285,S04285,40,Mobile,2,787,24,8,Home,0.11902320612112334,0
4286,S04286,50,Tablet,6,375,3,3,Checkout,0.05586794957741556,0
4287,S04287,59,Desktop,6,837,20,7,Add to Cart,0.050061522107490916,0
4288,S04288,28,Mobile,7,393,24,1,Checkout,0.05,0
4289,S04289,27,Mobile,1,213,13,0,Home,0.37498022011969345,1
4290,S04290,58,Mobile,7,408,5,5,Purchase,0.05,0
4291,S04291,42,Tablet,3,47,23,6,Browse,0.051795402536915475,0
4292,S04292,20,Desktop,5,79,24,5,Product,0.13937291165669463,0
4293,S04293,27,Mobile,5,427,16,8,Add to Cart,0.05,0
4294,S04294,33,Tablet,3,771,15,6,Browse,0.05,0
4295,S04295,54,Desktop,4,26,26,3,Browse,0.11030196343357919,0
4296,S04296,54,Mobile,6,303,6,8,Add to Cart,0.05,0
4297,S04297,25,Mobile,6,24,26,1,Add to Cart,0.08072405406137059,0
4298,S04298,35,Mobile,5,364,21,0,Add to Cart,0.09392422758009258,1
4299,S04299,46,Tablet,6,885,26,4,Checkout,0.11905311920975481,0
4300,S04300,24,Tablet,1,516,2,0,Home,0.3579524363228669,0
4301,S04301,37,Mobile,4,159,27,8,Sign Up,0.06813676987654803,0
4302,S04302,52,Desktop,6,31,10,1,Add to Cart,0.07123361908174815,1
4303,S04303,42,Mobile,4,547,11,7,Product,0.05,0
4304,S04304,33,Mobile,5,284,18,8,Add to Cart,0.05,0
4305,S04305,35,Mobile,4,391,13,4,Product,0.05,0
4306,S04306,37,Desktop,4,599,25,5,Product,0.05,0
4307,S04307,53,Tablet,6,547,12,5,Checkout,0.05,0
4308,S04308,37,Mobile,4,184,26,0,Product,0.07362653845356312,0
4309,S04309,40,Desktop,1,274,3,5,Home,0.3070804263122861,0
4310,S04310,43,Mobile,3,349,15,1,Sign Up,0.057259452451945164,0
4311,S04311,30,Mobile,1,767,27,2,Home,0.13345061184017404,0
4312,S04312,55,Mobile,3,729,25,4,Sign Up,0.05,0
4313,S04313,50,Desktop,4,719,19,3,Product,0.11015205585222246,0
4314,S04314,49,Mobile,7,462,16,1,Purchase,0.05,0
4315,S04315,45,Mobile,1,269,26,8,Home,0.08986602641571848,0
4316,S04316,53,Desktop,2,807,21,3,Sign Up,0.08165195441991609,0
4317,S04317,46,Desktop,5,375,27,8,Add to Cart,0.0651275024069605,0
4318,S04318,48,Desktop,2,240,10,5,Sign Up,0.18925126626619018,0
4319,S04319,59,Desktop,6,153,14,7,Checkout,0.0930945590457723,0
4320,S04320,28,Desktop,2,185,26,5,Sign Up,0.19094132816907405,0
4321,S04321,40,Desktop,7,436,10,9,Purchase,0.05,0
4322,S04322,55,Tablet,6,341,16,0,Checkout,0.05,0
4323,S04323,51,Desktop,5,717,21,9,Product,0.05,0
4324,S04324,30,Mobile,2,594,23,7,Sign Up,0.25270173746361335,0
4325,S04325,55,Mobile,7,405,17,9,Purchase,0.05,0
4326,S04326,35,Tablet,1,617,5,6,Home,0.20607189840194104,0
4327,S04327,38,Desktop,1,220,20,1,Home,0.2704433059686802,1
4328,S04328,51,Desktop,6,852,28,7,Add to Cart,0.05,0
4329,S04329,53,Mobile,5,116,25,4,Product,0.12697437673842216,1
4330,S04330,48,Mobile,4,34,15,4,Product,0.15484335310827854,0
4331,S04331,18,Desktop,5,826,8,1,Product,0.09820833931236526,0
4332,S04332,43,Desktop,7,763,14,1,Purchase,0.05,0
4333,S04333,50,Desktop,3,144,29,1,Browse,0.23268311675729858,0
4334,S04334,41,Mobile,6,246,10,9,Checkout,0.07588040166638024,1
4335,S04335,44,Desktop,7,525,15,4,Checkout,0.05,0
4336,S04336,18,Mobile,7,660,23,5,Purchase,0.05,0
4337,S04337,41,Desktop,1,757,22,9,Home,0.05,0
4338,S04338,34,Desktop,7,877,25,1,Purchase,0.07128489614427257,0
4339,S04339,41,Tablet,2,674,20,9,Sign Up,0.1136823141335029,0
4340,S04340,32,Mobile,4,242,23,4,Product,0.05,0
4341,S04341,29,Tablet,5,600,29,8,Add to Cart,0.05,0
4342,S04342,23,Mobile,6,864,9,9,Checkout,0.05,0
4343,S04343,56,Mobile,5,607,18,6,Product,0.05,0
4344,S04344,44,Desktop,5,742,4,2,Add to Cart,0.24938872546158547,1
4345,S04345,56,Mobile,3,556,18,9,Browse,0.05,0
4346,S04346,19,Tablet,2,800,27,3,Home,0.12394096090297749,0
4347,S04347,22,Desktop,1,91,22,5,Home,0.22425086299061964,1
4348,S04348,49,Mobile,7,75,21,8,Checkout,0.05,0
4349,S04349,54,Mobile,1,34,24,7,Home,0.13277752968750875,0
4350,S04350,40,Mobile,3,201,19,5,Sign Up,0.13596063917498197,0
4351,S04351,40,Desktop,4,684,7,0,Browse,0.17557743670011533,0
4352,S04352,42,Mobile,1,720,7,5,Home,0.24231652879402066,0
4353,S04353,50,Mobile,6,511,13,3,Checkout,0.05,0
4354,S04354,35,Mobile,7,745,6,5,Purchase,0.05,0
4355,S04355,27,Mobile,2,773,20,1,Sign Up,0.2375829445827465,0
4356,S04356,19,Tablet,5,356,20,7,Add to Cart,0.05,0
4357,S04357,31,Mobile,1,233,5,5,Home,0.32206534934822606,0
4358,S04358,53,Tablet,7,234,15,0,Product,0.05,0
4359,S04359,37,Desktop,5,879,7,6,Browse,0.05,0
4360,S04360,49,Desktop,7,476,29,5,Checkout,0.05,0
4361,S04361,33,Mobile,6,547,22,0,Checkout,0.05,0
4362,S04362,57,Mobile,7,412,6,1,Purchase,0.05,0
4363,S04363,50,Mobile,7,151,1,0,Add to Cart,0.18844867631145137,0
4364,S04364,41,Mobile,2,118,4,8,Home,0.14849491765195644,0
4365,S04365,30,Tablet,6,415,24,2,Checkout,0.05,0
4366,S04366,43,Mobile,6,612,12,3,Checkout,0.05,0
4367,S04367,54,Mobile,7,437,11,6,Purchase,0.20888303221057555,0
4368,S04368,57,Mobile,3,667,27,4,Browse,0.05,1
4369,S04369,22,Mobile,4,120,10,6,Product,0.13321048618788456,1
4370,S04370,20,Mobile,5,310,2,2,Add to Cart,0.20913133241608609,0
4371,S04371,18,Mobile,2,115,9,3,Sign Up,0.25443802300791474,1
4372,S04372,27,Desktop,1,688,5,2,Home,0.3008236145003753,0
4373,S04373,21,Mobile,6,864,28,6,Checkout,0.05,0
4374,S04374,32,Mobile,5,367,10,2,Product,0.2110001122018006,0
4375,S04375,21,Mobile,1,343,22,2,Home,0.2532355203855838,1
4376,S04376,48,Desktop,1,837,3,2,Home,0.05,1
4377,S04377,29,Mobile,2,298,27,0,Sign Up,0.2762814283543977,0
4378,S04378,56,Desktop,1,563,24,0,Home,0.20572573997064142,1
4379,S04379,36,Mobile,5,446,29,2,Add to Cart,0.06646548448169694,0
4380,S04380,38,Mobile,2,66,24,2,Home,0.2752295313627188,0
4381,S04381,58,Desktop,6,160,15,0,Checkout,0.05,0
4382,S04382,50,Desktop,1,319,22,5,Home,0.053662102706173734,0
4383,S04383,38,Mobile,3,29,3,9,Browse,0.170685611856582,1
4384,S04384,21,Mobile,5,89,7,9,Browse,0.05,0
4385,S04385,53,Tablet,6,808,10,9,Checkout,0.05,0
4386,S04386,30,Mobile,7,724,24,9,Purchase,0.05,1
4387,S04387,58,Desktop,3,683,16,0,Browse,0.20008384553616826,0
4388,S04388,39,Desktop,1,596,14,6,Home,0.1107300569894751,0
4389,S04389,18,Mobile,5,332,22,1,Product,0.1357055152508658,1
4390,S04390,20,Mobile,3,299,29,4,Browse,0.12540728070425705,1
4391,S04391,47,Desktop,6,419,8,4,Checkout,0.05240821720641436,0
4392,S04392,49,Mobile,7,463,27,7,Purchase,0.059719088281102006,0
4393,S04393,24,Desktop,4,54,8,9,Product,0.05,0
4394,S04394,54,Mobile,7,873,20,3,Purchase,0.05,0
4395,S04395,36,Desktop,7,138,7,6,Add to Cart,0.05,0
4396,S04396,58,Tablet,6,615,25,1,Checkout,0.05,0
4397,S04397,55,Mobile,5,823,25,6,Sign Up,0.05,0
4398,S04398,52,Mobile,1,24,12,3,Home,0.33879282548202105,0
4399,S04399,41,Mobile,1,54,18,6,Home,0.1518003459342487,0
4400,S04400,27,Desktop,3,695,11,6,Browse,0.05,0
4401,S04401,50,Tablet,3,842,16,3,Browse,0.0681041370935951,0
4402,S04402,39,Desktop,3,897,4,0,Browse,0.3557849558206344,0
4403,S04403,45,Mobile,6,241,24,8,Product,0.05,0
4404,S04404,50,Mobile,7,278,19,6,Purchase,0.05,0
4405,S04405,56,Tablet,7,450,12,0,Purchase,0.05,0
4406,S04406,55,Desktop,5,893,1,9,Product,0.05,0
4407,S04407,35,Desktop,7,407,10,3,Purchase,0.05,0
4408,S04408,52,Tablet,1,178,22,3,Home,0.295337507358195,1
4409,S04409,23,Mobile,7,150,13,8,Add to Cart,0.05,0
4410,S04410,39,Tablet,1,79,10,7,Home,0.3921057473536994,1
4411,S04411,54,Desktop,7,573,29,4,Product,0.05,0
4412,S04412,31,Mobile,1,320,12,5,Home,0.2504124480148486,0
4413,S04413,38,Desktop,5,71,20,9,Product,0.05,0
4414,S04414,27,Mobile,1,699,2,3,Home,0.1641465841561781,0
4415,S04415,48,Desktop,1,283,28,0,Home,0.1201387132961007,0
4416,S04416,48,Mobile,4,203,18,7,Product,0.05,0
4417,S04417,29,Mobile,7,512,8,7,Purchase,0.05,0
4418,S04418,20,Desktop,6,553,21,5,Checkout,0.05,0
4419,S04419,23,Desktop,1,404,22,8,Home,0.05,0
4420,S04420,48,Desktop,3,784,27,7,Browse,0.05,0
4421,S04421,37,Desktop,6,269,26,7,Checkout,0.05,0
4422,S04422,49,Mobile,2,55,9,6,Sign Up,0.218546293547083,0
4423,S04423,46,Mobile,4,404,9,8,Product,0.05,0
4424,S04424,48,Desktop,1,214,12,3,Home,0.2588895672531567,0
4425,S04425,56,Desktop,5,595,18,2,Add to Cart,0.22487141416563344,0
4426,S04426,22,Mobile,7,588,7,9,Checkout,0.05,0
4427,S04427,28,Tablet,1,296,12,3,Home,0.35570742945647094,0
4428,S04428,36,Mobile,1,350,27,6,Home,0.20021305289274427,0
4429,S04429,53,Desktop,2,539,14,3,Home,0.05,0
4430,S04430,46,Desktop,2,751,19,1,Sign Up,0.05,0
4431,S04431,46,Tablet,1,891,5,8,Home,0.24830054444225536,0
4432,S04432,30,Mobile,4,762,5,6,Product,0.060917124977194106,0
4433,S04433,51,Mobile,5,107,22,7,Product,0.05,0
4434,S04434,56,Desktop,1,390,25,2,Home,0.24201785152226674,0
4435,S04435,24,Desktop,4,314,26,9,Browse,0.13445233403886883,1
4436,S04436,48,Mobile,7,187,15,4,Purchase,0.05,0
4437,S04437,22,Desktop,6,809,3,1,Checkout,0.10240145347985392,0
4438,S04438,54,Mobile,1,704,17,8,Home,0.05282528972593389,0
4439,S04439,27,Desktop,1,435,8,9,Home,0.15808852435919704,0
4440,S04440,47,Mobile,1,28,3,0,Home,0.45408567888908674,1
4441,S04441,36,Mobile,3,99,4,3,Browse,0.24064353704978353,0
4442,S04442,56,Mobile,4,184,5,2,Browse,0.3356124613139914,1
4443,S04443,24,Mobile,6,364,26,4,Checkout,0.05,1
4444,S04444,55,Mobile,3,410,27,8,Browse,0.05,0
4445,S04445,30,Mobile,3,798,5,1,Browse,0.16494108089242282,0
4446,S04446,29,Desktop,1,698,22,5,Home,0.07792832676785465,0
4447,S04447,41,Desktop,6,495,16,2,Checkout,0.05,0
4448,S04448,52,Tablet,7,677,14,7,Checkout,0.05,0
4449,S04449,36,Tablet,2,728,2,6,Home,0.18402796262496346,0
4450,S04450,20,Mobile,2,670,8,3,Sign Up,0.05,0
4451,S04451,39,Mobile,5,89,29,9,Product,0.05,0
4452,S04452,21,Mobile,7,701,1,6,Purchase,0.05,0
4453,S04453,33,Mobile,5,275,20,6,Add to Cart,0.05,0
4454,S04454,59,Mobile,6,208,1,4,Product,0.13308145166884133,1
4455,S04455,33,Desktop,1,631,14,5,Home,0.3215190819676909,0
4456,S04456,57,Desktop,6,518,6,9,Add to Cart,0.05,0
4457,S04457,18,Desktop,2,151,22,7,Sign Up,0.1936525565152722,1
4458,S04458,21,Desktop,3,820,1,8,Browse,0.06247263205651875,0
4459,S04459,49,Desktop,5,431,22,8,Add to Cart,0.05,0
4460,S04460,19,Desktop,7,779,5,2,Purchase,0.05,0
4461,S04461,52,Mobile,2,353,13,4,Sign Up,0.20115935149838332,0
4462,S04462,29,Mobile,2,665,20,7,Sign Up,0.05,0
4463,S04463,37,Desktop,7,562,28,0,Purchase,0.06191130212911082,0
4464,S04464,43,Mobile,6,848,28,7,Checkout,0.05,0
4465,S04465,22,Desktop,5,459,6,5,Add to Cart,0.05,0
4466,S04466,19,Desktop,1,108,6,7,Home,0.2821671981615109,1
4467,S04467,44,Desktop,1,578,5,1,Home,0.2350837551803832,0
4468,S04468,27,Desktop,5,744,2,8,Add to Cart,0.06572988630607854,0
4469,S04469,27,Desktop,1,508,18,8,Home,0.10240411013460557,0
4470,S04470,31,Desktop,3,600,15,2,Browse,0.07973065489234916,0
4471,S04471,35,Desktop,2,253,12,4,Sign Up,0.20922302312545446,0
4472,S04472,40,Desktop,6,706,16,1,Add to Cart,0.10838427548111162,0
4473,S04473,24,Desktop,5,888,3,2,Add to Cart,0.11494152666735738,0
4474,S04474,34,Desktop,7,738,12,6,Checkout,0.05,0
4475,S04475,22,Mobile,6,116,3,4,Product,0.22768315163185548,1
4476,S04476,38,Mobile,6,451,22,5,Add to Cart,0.06580349265818315,0
4477,S04477,41,Mobile,7,244,29,9,Checkout,0.05,0
4478,S04478,42,Tablet,2,369,27,3,Sign Up,0.09740663410263845,1
4479,S04479,43,Tablet,7,178,4,3,Checkout,0.06306127133639054,0
4480,S04480,51,Desktop,6,100,24,1,Checkout,0.05,0
4481,S04481,37,Mobile,2,203,3,2,Sign Up,0.3199399372934925,1
4482,S04482,47,Mobile,7,493,16,7,Purchase,0.05,0
4483,S04483,55,Mobile,2,310,7,9,Sign Up,0.19669340799081225,0
4484,S04484,44,Desktop,1,101,4,1,Home,0.35391670363510264,1
4485,S04485,47,Mobile,7,689,13,5,Purchase,0.05,0
4486,S04486,37,Mobile,4,324,23,7,Product,0.07690126941874781,0
4487,S04487,45,Mobile,2,102,21,9,Sign Up,0.05,0
4488,S04488,25,Mobile,6,398,1,5,Add to Cart,0.05,0
4489,S04489,39,Mobile,1,774,19,4,Home,0.11042864798054369,0
4490,S04490,30,Tablet,1,263,2,3,Home,0.3294247742212484,0
4491,S04491,38,Mobile,7,832,25,7,Product,0.05,0
4492,S04492,39,Mobile,4,867,3,3,Sign Up,0.1518896780318991,0
4493,S04493,31,Mobile,1,326,16,8,Home,0.1506435904957428,1
4494,S04494,45,Mobile,5,159,15,6,Add to Cart,0.19295440243150566,0
4495,S04495,22,Desktop,6,118,23,9,Checkout,0.05,0
4496,S04496,20,Desktop,5,222,8,3,Add to Cart,0.18255383645610287,0
4497,S04497,19,Desktop,2,135,10,0,Sign Up,0.3205140209368012,0
4498,S04498,48,Mobile,7,259,21,8,Purchase,0.05,0
4499,S04499,21,Desktop,7,57,5,9,Purchase,0.05,0
4500,S04500,56,Mobile,2,644,16,1,Sign Up,0.05,0
4501,S04501,47,Desktop,3,873,17,8,Browse,0.19688080093456134,0
4502,S04502,48,Desktop,1,641,2,4,Home,0.31868637609876976,1
4503,S04503,18,Mobile,6,478,17,6,Add to Cart,0.05,0
4504,S04504,34,Desktop,5,424,29,5,Add to Cart,0.05,0
4505,S04505,19,Desktop,7,474,9,6,Purchase,0.05,0
4506,S04506,23,Desktop,2,895,23,5,Sign Up,0.07224958234289625,0
4507,S04507,46,Mobile,5,212,19,6,Add to Cart,0.08577071263545846,0
4508,S04508,33,Mobile,5,614,20,0,Add to Cart,0.05,0
4509,S04509,35,Mobile,5,499,28,1,Add to Cart,0.05,0
4510,S04510,52,Mobile,3,423,16,4,Sign Up,0.05,0
4511,S04511,19,Desktop,6,264,20,0,Checkout,0.24089678064058653,0
4512,S04512,22,Desktop,3,429,24,5,Browse,0.15531908031393515,0
4513,S04513,52,Mobile,2,658,12,6,Sign Up,0.21137703559696344,1
4514,S04514,19,Mobile,3,507,16,7,Sign Up,0.05,0
4515,S04515,36,Desktop,3,776,11,9,Browse,0.05,0
4516,S04516,34,Mobile,7,684,10,9,Purchase,0.05,0
4517,S04517,29,Desktop,7,315,14,8,Add to Cart,0.05,0
4518,S04518,49,Desktop,7,495,29,8,Purchase,0.05,0
4519,S04519,50,Mobile,7,419,25,0,Checkout,0.05,0
4520,S04520,50,Tablet,5,305,17,5,Product,0.1995389180404818,0
4521,S04521,49,Mobile,1,49,9,5,Home,0.22847591063770367,1
4522,S04522,29,Desktop,4,545,10,5,Product,0.06350072300994616,0
4523,S04523,23,Tablet,7,604,28,8,Purchase,0.05,0
4524,S04524,54,Tablet,5,349,4,0,Product,0.16317205884014788,1
4525,S04525,43,Mobile,3,100,18,9,Browse,0.15317641926550374,0
4526,S04526,47,Mobile,6,667,12,0,Checkout,0.05,0
4527,S04527,44,Mobile,4,66,13,8,Product,0.10370335233280774,0
4528,S04528,51,Mobile,6,702,16,0,Browse,0.050256983685072545,0
4529,S04529,43,Desktop,4,495,26,8,Product,0.05,0
4530,S04530,38,Tablet,6,811,14,1,Checkout,0.05,0
4531,S04531,48,Mobile,7,139,27,9,Purchase,0.05,0
4532,S04532,33,Desktop,1,365,16,8,Home,0.11748454178748768,0
4533,S04533,26,Desktop,7,80,29,4,Add to Cart,0.1614128440874638,1
4534,S04534,22,Mobile,6,626,18,4,Checkout,0.05,0
4535,S04535,32,Desktop,5,161,16,6,Add to Cart,0.050445610116042476,0
4536,S04536,34,Desktop,7,507,18,7,Purchase,0.05,0
4537,S04537,52,Desktop,3,138,3,1,Sign Up,0.27847783488666583,0
4538,S04538,55,Tablet,5,543,4,7,Add to Cart,0.05,0
4539,S04539,50,Desktop,7,184,12,4,Purchase,0.11223839520663138,0
4540,S04540,24,Desktop,5,47,21,2,Add to Cart,0.05,0
4541,S04541,56,Mobile,7,357,3,8,Purchase,0.05,0
4542,S04542,21,Mobile,3,681,7,0,Sign Up,0.29810993494992544,1
4543,S04543,30,Desktop,7,198,26,0,Purchase,0.05,0
4544,S04544,33,Mobile,7,175,18,4,Add to Cart,0.05,0
4545,S04545,48,Mobile,3,387,25,2,Home,0.05,0
4546,S04546,28,Desktop,7,879,4,7,Checkout,0.05,0
4547,S04547,33,Desktop,4,858,22,1,Browse,0.05,0
4548,S04548,19,Mobile,2,100,8,3,Sign Up,0.29757751580135366,0
4549,S04549,27,Mobile,4,634,19,1,Product,0.16556170528772976,0
4550,S04550,18,Tablet,3,614,10,2,Browse,0.05409941787034063,0
4551,S04551,33,Mobile,7,97,27,2,Checkout,0.05,0
4552,S04552,56,Mobile,4,530,26,6,Product,0.1373069381216323,0
4553,S04553,27,Desktop,7,796,2,5,Purchase,0.05,0
4554,S04554,18,Desktop,1,571,13,6,Home,0.27917190508885215,1
4555,S04555,51,Mobile,5,133,16,6,Product,0.06031426855106146,0
4556,S04556,22,Mobile,6,831,17,9,Product,0.05,0
4557,S04557,48,Mobile,1,746,24,0,Home,0.29557416894673305,0
4558,S04558,58,Desktop,2,554,15,1,Sign Up,0.20344192992374113,0
4559,S04559,27,Desktop,6,209,1,7,Checkout,0.05,0
4560,S04560,55,Mobile,4,717,8,8,Product,0.05,0
4561,S04561,19,Desktop,4,75,8,2,Product,0.33220348378817893,0
4562,S04562,35,Mobile,6,748,23,2,Checkout,0.06559416053299039,0
4563,S04563,51,Mobile,7,707,12,9,Purchase,0.05,0
4564,S04564,42,Mobile,3,279,8,4,Browse,0.20414588145000337,1
4565,S04565,45,Mobile,6,24,13,1,Product,0.09275248192275035,0
4566,S04566,51,Mobile,3,246,11,1,Browse,0.4053779389951133,1
4567,S04567,48,Mobile,7,297,29,4,Purchase,0.05,0
4568,S04568,45,Mobile,3,760,4,4,Browse,0.07065748173915577,0
4569,S04569,35,Desktop,1,198,11,5,Home,0.2906701316476829,0
4570,S04570,19,Desktop,3,522,2,0,Sign Up,0.15010139304243758,0
4571,S04571,20,Mobile,1,798,28,8,Home,0.05,0
4572,S04572,28,Desktop,2,726,25,1,Sign Up,0.1818421885598489,0
4573,S04573,48,Desktop,3,761,12,7,Browse,0.05,0
4574,S04574,31,Mobile,2,188,25,6,Sign Up,0.05698364473812208,0
4575,S04575,43,Tablet,3,573,18,0,Browse,0.18513835038029103,0
4576,S04576,55,Mobile,2,588,4,5,Sign Up,0.17718940742089062,0
4577,S04577,39,Mobile,4,204,13,8,Product,0.15802063312247472,0
4578,S04578,34,Desktop,4,754,26,9,Product,0.05,0
4579,S04579,47,Mobile,4,898,7,1,Product,0.18671462992148138,1
4580,S04580,23,Tablet,6,701,26,7,Product,0.05,0
4581,S04581,31,Desktop,7,264,11,7,Checkout,0.05,0
4582,S04582,51,Mobile,2,847,12,0,Home,0.16868749951363884,0
4583,S04583,53,Mobile,5,246,19,9,Product,0.05,0
4584,S04584,27,Mobile,5,400,29,7,Add to Cart,0.12656396834112876,0
4585,S04585,48,Mobile,1,538,5,4,Home,0.2310942307718939,0
4586,S04586,40,Mobile,6,618,16,8,Checkout,0.05,0
4587,S04587,24,Mobile,2,581,25,5,Home,0.05931584911413498,0
4588,S04588,39,Mobile,3,51,17,9,Home,0.05,0
4589,S04589,20,Desktop,4,348,12,8,Product,0.08337985081692582,0
4590,S04590,36,Desktop,5,750,17,5,Add to Cart,0.05,0
4591,S04591,50,Tablet,6,811,8,5,Checkout,0.05,0
4592,S04592,27,Mobile,5,109,6,7,Add to Cart,0.12447863666809379,0
4593,S04593,28,Mobile,2,136,22,5,Sign Up,0.16922420141226133,0
4594,S04594,51,Mobile,5,124,22,3,Add to Cart,0.16845197413872456,0
4595,S04595,32,Mobile,1,892,15,0,Home,0.23393685998003433,0
4596,S04596,26,Desktop,5,260,26,0,Add to Cart,0.1346344141447379,0
4597,S04597,48,Mobile,3,414,4,5,Browse,0.08239257740694271,0
4598,S04598,38,Mobile,3,819,4,8,Browse,0.13876928618381001,0
4599,S04599,37,Desktop,4,427,21,8,Sign Up,0.07002564102189933,0
4600,S04600,34,Desktop,4,75,8,7,Product,0.26045135838854083,0
4601,S04601,23,Desktop,6,408,15,0,Checkout,0.05,0
4602,S04602,23,Tablet,4,735,2,1,Product,0.3093963619574662,1
4603,S04603,53,Mobile,1,141,11,4,Home,0.24921343454881323,0
4604,S04604,44,Desktop,6,44,2,2,Checkout,0.1582181334351142,0
4605,S04605,18,Mobile,5,717,22,2,Product,0.05,0
4606,S04606,54,Mobile,5,417,15,1,Add to Cart,0.05,0
4607,S04607,37,Desktop,5,866,13,7,Add to Cart,0.05,0
4608,S04608,37,Desktop,4,593,24,8,Product,0.05,0
4609,S04609,55,Mobile,3,218,28,8,Browse,0.13232936219266628,1
4610,S04610,29,Mobile,7,639,12,0,Purchase,0.05,0
4611,S04611,26,Mobile,3,184,11,7,Browse,0.05,0
4612,S04612,51,Desktop,6,454,10,4,Checkout,0.12334578416884646,0
4613,S04613,32,Desktop,4,299,9,7,Product,0.1615384352468494,0
4614,S04614,23,Mobile,6,70,16,7,Checkout,0.05,0
4615,S04615,25,Desktop,5,270,6,5,Product,0.1780506311821312,0
4616,S04616,37,Mobile,7,264,17,4,Purchase,0.05,0
4617,S04617,41,Desktop,7,834,27,1,Checkout,0.05,0
4618,S04618,47,Mobile,1,560,16,1,Home,0.18863487977901577,0
4619,S04619,21,Mobile,7,492,5,6,Checkout,0.06878594241020172,0
4620,S04620,54,Mobile,5,887,26,2,Add to Cart,0.05,1
4621,S04621,46,Desktop,1,315,11,3,Home,0.15382234900043562,0
4622,S04622,52,Mobile,3,815,16,6,Browse,0.16686783168932398,0
4623,S04623,33,Mobile,7,317,29,4,Checkout,0.05,0
4624,S04624,24,Desktop,2,82,27,0,Sign Up,0.3310119836756495,0
4625,S04625,30,Mobile,7,255,28,7,Product,0.05,0
4626,S04626,59,Desktop,6,261,7,7,Checkout,0.05,0
4627,S04627,39,Desktop,3,806,4,2,Sign Up,0.26933387560732763,0
4628,S04628,53,Mobile,3,634,27,3,Browse,0.14431790857755608,0
4629,S04629,23,Mobile,1,232,11,0,Home,0.320707624784051,0
4630,S04630,39,Mobile,5,64,15,8,Add to Cart,0.17149794277737113,0
4631,S04631,50,Desktop,6,443,6,6,Checkout,0.05,0
4632,S04632,21,Mobile,7,571,16,0,Purchase,0.05,1
4633,S04633,20,Mobile,6,824,19,9,Add to Cart,0.05,0
4634,S04634,36,Desktop,7,574,24,5,Purchase,0.05,0
4635,S04635,24,Desktop,2,214,2,9,Sign Up,0.12258440053936227,0
4636,S04636,38,Mobile,1,768,1,8,Home,0.2876106355839847,0
4637,S04637,54,Desktop,4,168,29,9,Product,0.07130965334447685,0
4638,S04638,34,Desktop,7,363,19,6,Add to Cart,0.05,0
4639,S04639,46,Desktop,1,426,27,0,Home,0.1781502855457666,0
4640,S04640,52,Mobile,6,459,2,2,Checkout,0.05,0
4641,S04641,50,Desktop,6,90,18,8,Checkout,0.05,0
4642,S04642,36,Mobile,1,226,5,1,Home,0.38697638934563744,1
4643,S04643,44,Desktop,2,781,10,0,Home,0.07832371436223892,0
4644,S04644,54,Desktop,7,388,29,0,Checkout,0.05,0
4645,S04645,57,Mobile,4,202,3,2,Product,0.2562361281492144,0
4646,S04646,55,Mobile,7,720,10,2,Purchase,0.05,0
4647,S04647,41,Mobile,6,309,23,2,Checkout,0.05,0
4648,S04648,57,Mobile,2,688,15,7,Sign Up,0.07654833933716977,0
4649,S04649,48,Desktop,3,264,17,9,Browse,0.05292383428795168,0
4650,S04650,30,Desktop,6,176,21,3,Checkout,0.1668506242174268,0
4651,S04651,31,Mobile,2,779,25,3,Sign Up,0.05,0
4652,S04652,21,Desktop,3,285,26,6,Sign Up,0.1349146521958934,0
4653,S04653,30,Mobile,4,341,5,1,Product,0.2486216014808493,1
4654,S04654,36,Desktop,2,48,6,7,Sign Up,0.22538174724326426,0
4655,S04655,18,Mobile,4,345,7,7,Product,0.16085338364202012,0
4656,S04656,22,Mobile,2,317,28,7,Sign Up,0.05,1
4657,S04657,41,Desktop,4,669,25,1,Product,0.05,0
4658,S04658,26,Mobile,1,428,16,6,Home,0.0874020787442265,0
4659,S04659,19,Tablet,2,622,12,7,Sign Up,0.08234499961003215,0
4660,S04660,30,Desktop,7,79,17,3,Purchase,0.05,0
4661,S04661,36,Mobile,5,230,19,3,Add to Cart,0.05,0
4662,S04662,47,Mobile,6,465,23,5,Product,0.05,0
4663,S04663,46,Tablet,7,413,10,9,Purchase,0.05,0
4664,S04664,22,Mobile,3,161,16,1,Browse,0.27142573899934874,0
4665,S04665,35,Mobile,3,791,9,9,Browse,0.14784082332425555,0
4666,S04666,48,Desktop,1,848,3,4,Home,0.08452643979852538,0
4667,S04667,59,Mobile,1,625,27,1,Home,0.1757446356107866,1
4668,S04668,49,Mobile,6,382,17,7,Checkout,0.05,1
4669,S04669,39,Mobile,6,799,21,5,Add to Cart,0.05,0
4670,S04670,43,Mobile,3,771,22,7,Browse,0.05,0
4671,S04671,41,Tablet,5,374,4,9,Add to Cart,0.05,0
4672,S04672,56,Mobile,1,158,23,5,Home,0.1626852942614202,0
4673,S04673,53,Tablet,1,220,1,1,Home,0.4586587141236876,0
4674,S04674,39,Mobile,3,345,23,1,Sign Up,0.2331752550244889,0
4675,S04675,19,Mobile,7,744,13,2,Purchase,0.07246242165581315,0
4676,S04676,38,Desktop,5,789,19,3,Home,0.05,0
4677,S04677,36,Mobile,3,338,8,3,Browse,0.13126392347179555,0
4678,S04678,37,Desktop,3,413,21,8,Browse,0.05,0
4679,S04679,28,Mobile,5,336,27,3,Add to Cart,0.05,0
4680,S04680,51,Desktop,1,230,25,5,Home,0.16596079917410947,1
4681,S04681,43,Desktop,6,243,16,1,Add to Cart,0.07470568761338857,0
4682,S04682,47,Mobile,5,66,10,0,Add to Cart,0.27029130928573086,0
4683,S04683,38,Desktop,1,413,27,8,Home,0.24140293934725093,1
4684,S04684,42,Mobile,1,419,7,1,Home,0.20514946981897642,0
4685,S04685,30,Mobile,3,169,21,1,Browse,0.22585767601174786,0
4686,S04686,20,Tablet,6,614,26,1,Checkout,0.05,0
4687,S04687,28,Desktop,6,92,22,4,Checkout,0.05,0
4688,S04688,50,Mobile,6,507,22,5,Add to Cart,0.05,1
4689,S04689,18,Mobile,4,292,17,5,Product,0.05587816991838408,0
4690,S04690,58,Mobile,6,640,26,9,Checkout,0.05,0
4691,S04691,35,Mobile,6,824,16,4,Checkout,0.05,0
4692,S04692,42,Desktop,2,786,11,7,Sign Up,0.07177416083523526,1
4693,S04693,19,Mobile,7,111,22,4,Purchase,0.05,1
4694,S04694,59,Desktop,2,597,7,2,Sign Up,0.23725437431735347,0
4695,S04695,57,Mobile,2,846,6,3,Sign Up,0.10846185261607781,1
4696,S04696,52,Mobile,2,852,7,3,Sign Up,0.0535435402372869,0
4697,S04697,57,Mobile,5,799,6,6,Add to Cart,0.05,0
4698,S04698,39,Tablet,6,897,20,4,Add to Cart,0.05,0
4699,S04699,51,Desktop,7,751,23,9,Purchase,0.05,1
4700,S04700,46,Desktop,7,721,6,2,Product,0.0838836073814276,0
4701,S04701,49,Mobile,1,496,24,6,Home,0.09930458487513305,0
4702,S04702,19,Mobile,5,875,16,3,Add to Cart,0.05,1
4703,S04703,22,Mobile,5,333,9,5,Add to Cart,0.12150929572152122,0
4704,S04704,55,Mobile,1,22,6,9,Home,0.1139842997784078,0
4705,S04705,24,Tablet,1,336,22,6,Home,0.13496815900935247,0
4706,S04706,59,Mobile,7,455,14,8,Checkout,0.05,0
4707,S04707,35,Mobile,7,105,20,9,Add to Cart,0.0542601979727077,0
4708,S04708,46,Desktop,2,223,22,3,Sign Up,0.2622077039563096,0
4709,S04709,30,Mobile,3,365,20,8,Browse,0.10488252468563096,0
4710,S04710,58,Desktop,5,591,3,0,Add to Cart,0.17394155467918873,0
4711,S04711,49,Mobile,3,420,20,8,Browse,0.05,0
4712,S04712,20,Mobile,2,99,28,0,Home,0.18313888474482337,0
4713,S04713,21,Mobile,2,530,13,3,Sign Up,0.15688768199041286,0
4714,S04714,59,Desktop,4,823,22,0,Product,0.10126862641796208,0
4715,S04715,57,Desktop,5,610,18,9,Browse,0.05,1
4716,S04716,42,Desktop,1,168,11,3,Home,0.2728053707082867,0
4717,S04717,30,Mobile,7,555,1,2,Purchase,0.05,0
4718,S04718,39,Tablet,7,132,16,0,Purchase,0.22334654550207622,0
4719,S04719,56,Desktop,6,879,21,9,Add to Cart,0.05,0
4720,S04720,26,Mobile,7,723,29,7,Purchase,0.05,0
4721,S04721,39,Desktop,5,675,11,2,Add to Cart,0.05,0
4722,S04722,59,Mobile,2,73,29,6,Sign Up,0.05,0
4723,S04723,42,Mobile,3,821,25,7,Browse,0.05,0
4724,S04724,27,Tablet,6,748,2,9,Checkout,0.05,0
4725,S04725,38,Desktop,6,778,1,6,Add to Cart,0.05,0
4726,S04726,18,Desktop,7,710,25,2,Purchase,0.05,0
4727,S04727,25,Mobile,7,651,2,2,Checkout,0.19667442200941854,0
4728,S04728,31,Desktop,4,892,14,7,Browse,0.07786566676318359,0
4729,S04729,20,Mobile,5,162,11,6,Add to Cart,0.05,0
4730,S04730,57,Mobile,5,101,6,5,Product,0.05,0
4731,S04731,31,Desktop,4,883,29,8,Browse,0.05,0
4732,S04732,59,Tablet,5,269,24,1,Add to Cart,0.12660321854604034,0
4733,S04733,29,Tablet,2,219,24,8,Sign Up,0.08616675634896769,0
4734,S04734,50,Tablet,6,175,11,6,Checkout,0.05,0
4735,S04735,48,Tablet,7,867,9,2,Purchase,0.05,0
4736,S04736,47,Tablet,2,202,27,7,Home,0.05,0
4737,S04737,34,Mobile,1,318,19,2,Home,0.27872151426007197,0
4738,S04738,45,Mobile,4,448,20,1,Browse,0.13148255401612802,0
4739,S04739,50,Mobile,7,544,22,9,Purchase,0.05,0
4740,S04740,47,Desktop,2,545,23,2,Sign Up,0.11044823081509193,0
4741,S04741,37,Mobile,4,808,24,2,Product,0.07199838258671551,0
4742,S04742,19,Desktop,1,381,18,6,Home,0.2932767474412046,0
4743,S04743,59,Mobile,3,888,10,0,Browse,0.05,0
4744,S04744,53,Desktop,5,684,16,8,Add to Cart,0.05,0
4745,S04745,51,Desktop,3,42,17,1,Browse,0.21116273263422497,0
4746,S04746,18,Tablet,2,656,14,2,Sign Up,0.17055215257476966,1
4747,S04747,48,Mobile,6,164,6,9,Add to Cart,0.11084736475221293,1
4748,S04748,22,Desktop,7,814,24,7,Checkout,0.05,0
4749,S04749,44,Mobile,3,596,16,6,Browse,0.05,0
4750,S04750,26,Desktop,3,111,14,7,Browse,0.13313887810967698,0
4751,S04751,22,Desktop,4,55,6,5,Product,0.1670406286969795,0
4752,S04752,44,Mobile,6,167,27,7,Checkout,0.05,0
4753,S04753,53,Mobile,7,816,14,4,Purchase,0.05,0
4754,S04754,47,Mobile,6,256,6,6,Checkout,0.1142302012137416,0
4755,S04755,47,Mobile,1,786,13,8,Home,0.10224389460155565,0
4756,S04756,44,Desktop,7,473,29,5,Add to Cart,0.05,0
4757,S04757,23,Mobile,5,435,4,7,Add to Cart,0.05,0
4758,S04758,28,Mobile,3,85,6,5,Sign Up,0.18530378949365536,0
4759,S04759,38,Mobile,6,627,17,0,Checkout,0.05,0
4760,S04760,39,Mobile,6,72,19,0,Add to Cart,0.05,0
4761,S04761,59,Mobile,5,311,10,5,Add to Cart,0.08356534945403762,0
4762,S04762,20,Mobile,1,705,14,3,Home,0.26416461511989,1
4763,S04763,53,Desktop,1,62,15,5,Home,0.3040441337376157,0
4764,S04764,31,Desktop,3,332,24,1,Sign Up,0.05,1
4765,S04765,40,Mobile,2,496,11,8,Sign Up,0.42269950810229434,0
4766,S04766,54,Desktop,1,521,24,2,Home,0.1417669423720862,1
4767,S04767,26,Mobile,4,190,4,6,Product,0.12925037966537625,0
4768,S04768,33,Mobile,1,39,19,8,Home,0.12504761369608275,0
4769,S04769,25,Mobile,5,897,18,6,Product,0.05,1
4770,S04770,39,Mobile,2,149,14,6,Sign Up,0.1973727256917015,0
4771,S04771,38,Mobile,1,168,21,3,Home,0.2793079175519215,0
4772,S04772,43,Tablet,5,233,6,8,Add to Cart,0.05458282883376091,0
4773,S04773,46,Desktop,5,566,25,3,Add to Cart,0.05,0
4774,S04774,50,Mobile,4,290,21,3,Product,0.061160251303707794,0
4775,S04775,56,Mobile,2,428,8,9,Sign Up,0.27810831408479975,0
4776,S04776,27,Desktop,2,229,22,1,Sign Up,0.08346332885897761,0
4777,S04777,26,Mobile,5,747,14,2,Browse,0.05,0
4778,S04778,19,Desktop,6,181,16,6,Checkout,0.12651910255726023,0
4779,S04779,31,Desktop,3,476,28,4,Browse,0.07091101862207405,0
4780,S04780,55,Desktop,6,162,18,0,Checkout,0.18260910526564472,1
4781,S04781,42,Desktop,1,155,27,2,Home,0.20940280638866782,0
4782,S04782,22,Mobile,4,623,5,2,Product,0.14954066998942445,0
4783,S04783,44,Tablet,6,210,2,3,Add to Cart,0.2220440148800916,0
4784,S04784,56,Tablet,6,320,26,5,Checkout,0.05,0
4785,S04785,29,Desktop,2,377,21,5,Sign Up,0.11097333534721734,0
4786,S04786,51,Mobile,6,48,9,4,Add to Cart,0.18686006066974223,0
4787,S04787,48,Mobile,5,32,25,8,Add to Cart,0.0922582750117912,0
4788,S04788,34,Desktop,5,648,28,2,Add to Cart,0.14883430820305496,0
4789,S04789,39,Mobile,2,625,1,2,Home,0.31079517997072437,0
4790,S04790,46,Mobile,6,431,28,4,Product,0.05,0
4791,S04791,40,Mobile,3,815,17,5,Browse,0.1376100679889736,0
4792,S04792,19,Desktop,6,212,13,1,Checkout,0.05,0
4793,S04793,26,Mobile,3,55,28,8,Browse,0.1205376154503566,0
4794,S04794,53,Mobile,5,733,25,5,Add to Cart,0.05,0
4795,S04795,47,Mobile,7,579,23,0,Purchase,0.05,0
4796,S04796,57,Mobile,7,416,15,6,Checkout,0.05,0
4797,S04797,36,Mobile,1,700,10,2,Home,0.1865052641087016,0
4798,S04798,22,Mobile,3,353,14,7,Browse,0.1688257976482947,0
4799,S04799,42,Mobile,3,83,3,1,Browse,0.24449378190444004,1
4800,S04800,42,Mobile,5,477,12,1,Product,0.05388790428786755,0
4801,S04801,47,Desktop,5,410,22,9,Add to Cart,0.05,0
4802,S04802,48,Mobile,6,766,19,8,Checkout,0.05,0
4803,S04803,32,Mobile,1,433,21,8,Home,0.10171328600596431,0
4804,S04804,26,Desktop,7,676,9,7,Purchase,0.05,0
4805,S04805,30,Tablet,1,259,12,4,Home,0.3664927246876855,1
4806,S04806,38,Desktop,5,605,3,5,Product,0.16860018524928225,0
4807,S04807,24,Desktop,3,417,14,3,Browse,0.19744674345081056,0
4808,S04808,46,Mobile,6,354,22,4,Checkout,0.05,0
4809,S04809,51,Mobile,7,124,6,5,Product,0.05,0
4810,S04810,18,Mobile,7,329,2,3,Checkout,0.05,0
4811,S04811,35,Mobile,1,708,23,8,Home,0.11043173594065128,0
4812,S04812,24,Desktop,3,616,13,3,Browse,0.1167148652515292,0
4813,S04813,50,Tablet,5,50,22,8,Add to Cart,0.05,0
4814,S04814,44,Tablet,3,541,8,8,Browse,0.05,0
4815,S04815,41,Desktop,6,891,6,7,Checkout,0.05,0
4816,S04816,26,Mobile,7,383,8,9,Checkout,0.05,0
4817,S04817,53,Mobile,7,572,15,5,Purchase,0.05,0
4818,S04818,39,Desktop,5,700,13,6,Add to Cart,0.05,0
4819,S04819,35,Mobile,7,700,16,1,Product,0.05,0
4820,S04820,19,Desktop,6,580,6,7,Checkout,0.11127638295610752,0
4821,S04821,38,Mobile,7,206,6,9,Checkout,0.05,0
4822,S04822,51,Mobile,2,874,15,8,Sign Up,0.09407605348801068,0
4823,S04823,54,Desktop,7,322,5,8,Purchase,0.05,0
4824,S04824,27,Tablet,7,426,28,7,Checkout,0.05,0
4825,S04825,43,Tablet,7,549,21,3,Purchase,0.05,0
4826,S04826,50,Mobile,7,118,19,3,Checkout,0.05,1
4827,S04827,29,Desktop,2,265,9,8,Sign Up,0.16328306093364967,0
4828,S04828,43,Mobile,6,590,14,6,Checkout,0.05,0
4829,S04829,39,Mobile,2,588,3,6,Sign Up,0.13551407132377022,0
4830,S04830,39,Mobile,2,289,5,6,Home,0.17196029940570562,0
4831,S04831,52,Mobile,2,605,6,5,Sign Up,0.221063706891563,0
4832,S04832,43,Mobile,1,796,14,1,Home,0.21304312899018943,0
4833,S04833,19,Mobile,5,436,4,9,Product,0.05,0
4834,S04834,21,Desktop,3,685,19,5,Sign Up,0.05,0
4835,S04835,52,Desktop,3,867,28,2,Sign Up,0.13340332655506332,0
4836,S04836,46,Desktop,3,493,20,7,Browse,0.05,0
4837,S04837,40,Mobile,1,56,29,5,Home,0.29535498545541783,1
4838,S04838,30,Mobile,3,610,20,1,Browse,0.23709533156533696,1
4839,S04839,35,Mobile,1,442,9,9,Home,0.3966860036891063,0
4840,S04840,57,Tablet,3,247,2,5,Sign Up,0.30757267676796407,0
4841,S04841,57,Desktop,6,410,18,5,Checkout,0.05,0
4842,S04842,25,Desktop,3,714,20,9,Browse,0.05,0
4843,S04843,43,Mobile,7,361,1,7,Purchase,0.05,0
4844,S04844,24,Mobile,3,621,17,7,Browse,0.10099580638846867,0
4845,S04845,18,Mobile,2,610,18,5,Sign Up,0.161756027386471,0
4846,S04846,28,Mobile,4,520,10,3,Product,0.11598291618308056,0
4847,S04847,35,Mobile,1,542,21,1,Home,0.3067887210687726,1
4848,S04848,45,Mobile,4,31,26,1,Product,0.18840051891268178,0
4849,S04849,54,Tablet,1,391,9,1,Home,0.2977567317220841,0
4850,S04850,22,Desktop,5,429,28,2,Add to Cart,0.09301205099632265,0
4851,S04851,43,Tablet,5,231,18,7,Add to Cart,0.05,0
4852,S04852,46,Mobile,7,782,8,7,Add to Cart,0.05,0
4853,S04853,32,Mobile,1,123,11,1,Home,0.17869199385706125,1
4854,S04854,38,Mobile,2,744,11,8,Sign Up,0.18228205115972285,0
4855,S04855,22,Tablet,2,525,16,8,Sign Up,0.12764181945617722,0
4856,S04856,32,Desktop,3,247,9,4,Browse,0.16774152102101295,0
4857,S04857,54,Mobile,6,102,28,4,Add to Cart,0.05,0
4858,S04858,43,Desktop,4,652,11,8,Product,0.1138356455801836,0
4859,S04859,57,Mobile,4,446,8,6,Product,0.05,0
4860,S04860,33,Tablet,6,475,11,6,Checkout,0.05,0
4861,S04861,28,Mobile,7,659,12,7,Checkout,0.05,1
4862,S04862,41,Mobile,3,152,18,5,Sign Up,0.0629049014459098,0
4863,S04863,53,Mobile,4,784,1,5,Product,0.09128100361391557,0
4864,S04864,51,Mobile,3,815,9,4,Browse,0.07888722424027561,1
4865,S04865,27,Desktop,6,839,8,6,Add to Cart,0.05,0
4866,S04866,51,Desktop,2,231,8,4,Sign Up,0.19644820526695952,0
4867,S04867,21,Tablet,2,474,5,3,Sign Up,0.21362641772010446,0
4868,S04868,42,Desktop,1,440,6,6,Home,0.2016904419676321,0
4869,S04869,52,Mobile,7,440,12,5,Product,0.05,0
4870,S04870,47,Mobile,5,765,13,7,Add to Cart,0.13279999779344426,0
4871,S04871,51,Mobile,5,173,22,8,Add to Cart,0.05,0
4872,S04872,54,Desktop,6,363,15,0,Checkout,0.05,0
4873,S04873,28,Desktop,7,879,23,6,Add to Cart,0.05,0
4874,S04874,33,Desktop,4,791,21,0,Browse,0.06994837818628885,0
4875,S04875,33,Desktop,4,642,5,5,Browse,0.05,0
4876,S04876,21,Mobile,7,848,8,4,Add to Cart,0.05,0
4877,S04877,28,Mobile,2,170,5,6,Sign Up,0.33257448476298634,1
4878,S04878,52,Mobile,1,737,20,1,Home,0.2148885574014352,0
4879,S04879,23,Mobile,5,886,29,1,Sign Up,0.05,0
4880,S04880,40,Tablet,6,820,24,6,Checkout,0.05,0
4881,S04881,26,Desktop,7,781,14,7,Product,0.05,0
4882,S04882,37,Tablet,7,279,28,7,Product,0.05,0
4883,S04883,50,Desktop,3,396,15,2,Browse,0.21266141517411424,0
4884,S04884,26,Mobile,4,124,10,4,Product,0.16492010275953695,0
4885,S04885,59,Tablet,4,168,15,7,Product,0.05,0
4886,S04886,55,Mobile,6,459,6,4,Checkout,0.20552785978029262,1
4887,S04887,27,Mobile,3,852,2,0,Browse,0.21373598373634745,0
4888,S04888,47,Mobile,6,414,21,3,Checkout,0.05,0
4889,S04889,31,Desktop,2,741,13,9,Sign Up,0.05,0
4890,S04890,25,Mobile,1,39,27,8,Home,0.10190890856623455,0
4891,S04891,30,Desktop,6,480,8,6,Checkout,0.05,0
4892,S04892,43,Desktop,6,544,2,7,Checkout,0.12824207678968708,0
4893,S04893,29,Desktop,2,687,22,9,Home,0.05,0
4894,S04894,27,Mobile,5,72,17,8,Add to Cart,0.32014406889994285,0
4895,S04895,19,Desktop,4,452,8,5,Browse,0.051296285989858255,0
4896,S04896,48,Desktop,4,116,9,0,Product,0.2099613504009704,0
4897,S04897,36,Mobile,3,410,25,0,Browse,0.19722056584461617,0
4898,S04898,53,Desktop,1,72,24,9,Home,0.15998467021495896,0
4899,S04899,22,Mobile,1,819,9,4,Home,0.21299512173160812,0
4900,S04900,29,Tablet,1,795,2,6,Home,0.20719347364312893,1
4901,S04901,27,Desktop,4,63,5,0,Product,0.2912918259878601,0
4902,S04902,18,Desktop,4,526,6,9,Product,0.067791836147989,0
4903,S04903,55,Desktop,2,769,18,3,Sign Up,0.14063293306213945,0
4904,S04904,29,Mobile,5,548,3,5,Add to Cart,0.1457292043563032,0
4905,S04905,36,Mobile,3,269,7,3,Browse,0.13926313077559457,0
4906,S04906,55,Desktop,2,803,23,1,Sign Up,0.1829818518069526,1
4907,S04907,40,Mobile,1,73,11,6,Home,0.07148037006593844,0
4908,S04908,33,Mobile,2,230,4,6,Sign Up,0.19292883534588892,1
4909,S04909,22,Desktop,7,460,17,0,Purchase,0.05,0
4910,S04910,56,Tablet,3,888,26,4,Sign Up,0.05,0
4911,S04911,31,Mobile,6,24,17,6,Add to Cart,0.09280034248560934,0
4912,S04912,41,Desktop,7,806,21,9,Add to Cart,0.05,0
4913,S04913,46,Tablet,1,142,9,3,Home,0.4604556901595894,0
4914,S04914,53,Mobile,7,678,9,4,Checkout,0.05,0
4915,S04915,29,Desktop,6,355,19,3,Checkout,0.05,0
4916,S04916,33,Desktop,2,572,3,6,Home,0.0684333948285314,0
4917,S04917,53,Tablet,2,773,28,4,Sign Up,0.05,0
4918,S04918,21,Mobile,4,79,15,9,Product,0.12359039161105842,0
4919,S04919,45,Mobile,1,190,17,4,Home,0.103388713265859,0
4920,S04920,26,Mobile,6,204,20,2,Add to Cart,0.05,0
4921,S04921,51,Desktop,5,558,21,5,Add to Cart,0.05,0
4922,S04922,49,Tablet,4,330,7,5,Product,0.05,0
4923,S04923,46,Mobile,3,53,21,0,Browse,0.4342182575879704,0
4924,S04924,58,Desktop,3,221,13,1,Browse,0.19006923020166303,0
4925,S04925,48,Desktop,3,823,12,6,Sign Up,0.12452294666553924,0
4926,S04926,36,Tablet,5,550,24,1,Product,0.05,0
4927,S04927,30,Mobile,3,471,19,7,Browse,0.05,0
4928,S04928,37,Desktop,1,641,19,9,Home,0.052269397263288095,0
4929,S04929,35,Mobile,3,561,9,4,Browse,0.10603740655294361,0
4930,S04930,47,Mobile,2,491,1,7,Sign Up,0.11063757334230839,0
4931,S04931,22,Mobile,5,138,25,0,Add to Cart,0.05,0
4932,S04932,36,Desktop,3,357,27,2,Browse,0.10890839565231566,0
4933,S04933,26,Mobile,2,436,1,2,Sign Up,0.21436381530859,1
4934,S04934,34,Desktop,7,395,9,4,Purchase,0.05,0
4935,S04935,25,Mobile,6,647,8,2,Checkout,0.08741601389068955,0
4936,S04936,43,Mobile,1,835,29,3,Home,0.14883882350333164,0
4937,S04937,49,Mobile,5,432,5,1,Add to Cart,0.05,0
4938,S04938,25,Mobile,7,488,15,9,Purchase,0.05,0
4939,S04939,58,Desktop,7,662,20,2,Checkout,0.05,0
4940,S04940,25,Mobile,1,91,20,6,Home,0.26155991477655666,0
4941,S04941,34,Desktop,2,428,15,2,Sign Up,0.18060563145377745,0
4942,S04942,53,Mobile,7,524,24,8,Purchase,0.05,0
4943,S04943,55,Mobile,7,389,26,3,Purchase,0.05,0
4944,S04944,56,Mobile,2,403,8,6,Sign Up,0.2860523331325914,0
4945,S04945,49,Desktop,2,49,9,6,Home,0.1637106024141373,1
4946,S04946,38,Mobile,7,600,18,4,Purchase,0.05,0
4947,S04947,32,Mobile,1,154,25,3,Home,0.2079719754136402,0
4948,S04948,51,Mobile,4,150,11,3,Product,0.22706099979220026,1
4949,S04949,53,Desktop,3,174,16,1,Browse,0.21861570737160776,0
4950,S04950,47,Desktop,1,240,29,2,Home,0.2346659456473314,0
4951,S04951,58,Desktop,1,100,6,0,Home,0.3283841867557287,1
4952,S04952,35,Mobile,4,774,23,6,Product,0.05,0
4953,S04953,58,Mobile,7,313,27,8,Checkout,0.05,0
4954,S04954,48,Desktop,3,759,17,0,Browse,0.05,0
4955,S04955,39,Mobile,3,367,4,1,Browse,0.2328886337075921,0
4956,S04956,51,Mobile,6,172,9,6,Product,0.06902928769158109,0
4957,S04957,36,Mobile,6,194,19,1,Checkout,0.05,0
4958,S04958,51,Desktop,5,569,15,7,Add to Cart,0.05,0
4959,S04959,46,Desktop,2,767,23,5,Sign Up,0.110707334634632,1
4960,S04960,43,Mobile,1,760,27,8,Home,0.14986974837071726,0
4961,S04961,42,Mobile,4,452,26,4,Product,0.12278927085691362,0
4962,S04962,20,Desktop,6,707,18,8,Checkout,0.05,0
4963,S04963,47,Mobile,1,755,21,8,Home,0.19894790799659276,0
4964,S04964,46,Desktop,3,495,8,0,Browse,0.10425951275206172,0
4965,S04965,40,Mobile,6,699,23,4,Checkout,0.05,0
4966,S04966,54,Mobile,3,528,20,9,Browse,0.053936227621066084,0
4967,S04967,45,Mobile,1,136,3,2,Home,0.2140016204265827,1
4968,S04968,54,Mobile,2,714,6,6,Sign Up,0.16248314358129465,1
4969,S04969,41,Mobile,6,362,9,7,Browse,0.05,0
4970,S04970,33,Desktop,3,317,6,1,Browse,0.40877048186833886,0
4971,S04971,45,Desktop,1,376,6,1,Home,0.31192734512089204,1
4972,S04972,33,Tablet,1,46,16,0,Home,0.30620463233807915,0
4973,S04973,23,Mobile,1,541,11,0,Home,0.20006182220841884,0
4974,S04974,42,Mobile,3,531,1,4,Browse,0.17699621266897958,0
4975,S04975,23,Mobile,1,636,23,1,Home,0.08884965219016329,0
4976,S04976,24,Mobile,1,545,9,5,Home,0.2779379253923155,0
4977,S04977,50,Mobile,1,236,23,3,Home,0.16366080624659277,0
4978,S04978,37,Desktop,6,593,22,2,Checkout,0.06783621808883722,0
4979,S04979,20,Mobile,3,484,5,4,Browse,0.32432486136494937,0
4980,S04980,53,Mobile,1,765,24,9,Home,0.05,0
4981,S04981,50,Mobile,2,847,26,5,Sign Up,0.07410901129544925,0
4982,S04982,30,Mobile,7,347,1,7,Checkout,0.1313835652787361,1
4983,S04983,29,Desktop,5,355,2,5,Add to Cart,0.07879601392963531,0
4984,S04984,46,Mobile,5,634,15,4,Add to Cart,0.058012508347166286,0
4985,S04985,40,Mobile,7,350,13,4,Purchase,0.09889766166580007,0
4986,S04986,27,Desktop,4,80,26,8,Browse,0.05,0
4987,S04987,37,Desktop,2,136,4,2,Sign Up,0.22434999684695858,0
4988,S04988,38,Mobile,2,370,2,2,Sign Up,0.05133128552532626,0
4989,S04989,47,Desktop,1,407,12,8,Home,0.17545438879600153,0
4990,S04990,42,Mobile,7,316,19,1,Add to Cart,0.05,1
4991,S04991,35,Mobile,3,498,6,9,Browse,0.06641290495470792,0
4992,S04992,38,Desktop,5,840,10,8,Add to Cart,0.05,0
4993,S04993,32,Desktop,2,334,3,5,Sign Up,0.3004953245805292,1
4994,S04994,28,Desktop,1,411,17,0,Home,0.2717807467574996,1
4995,S04995,50,Mobile,6,354,18,8,Checkout,0.05,0
4996,S04996,57,Tablet,4,89,8,4,Browse,0.24098774903559944,1
4997,S04997,51,Desktop,6,357,21,6,Checkout,0.05,0
4998,S04998,31,Desktop,1,895,4,4,Home,0.32583697134956213,0
4999,S04999,39,Mobile,4,133,6,6,Product,0.3092622161143539,0
5000,S05000,20,Desktop,5,388,24,8,Add to Cart,0.05,0
